Participant_ID,Member_Name,Column_Index,Non_Null_Count,Numeric_Count,Unique_Values,First_Value
300,300_P/features/300_BoVW_openFace_2.1.0_Pose_Gaze_AUs.csv,0,6486,0,1,'300_OpenFace2.1.0_Pose_gaze_AUs.csv'
300,300_P/features/300_BoVW_openFace_2.1.0_Pose_Gaze_AUs.csv,1,6486,6486,6486,0.0
300,300_P/features/300_BoVW_openFace_2.1.0_Pose_Gaze_AUs.csv,2,6486,6486,1,0.0
300,300_P/features/300_BoVW_openFace_2.1.0_Pose_Gaze_AUs.csv,3,6486,6486,1,0.0
300,300_P/features/300_BoVW_openFace_2.1.0_Pose_Gaze_AUs.csv,4,6486,6486,1,0.0
300,300_P/features/300_BoVW_openFace_2.1.0_Pose_Gaze_AUs.csv,5,6486,6486,1,0.0
300,300_P/features/300_BoVW_openFace_2.1.0_Pose_Gaze_AUs.csv,6,6486,6486,7,0.0
300,300_P/features/300_BoVW_openFace_2.1.0_Pose_Gaze_AUs.csv,7,6486,6486,16,0.0
300,300_P/features/300_BoVW_openFace_2.1.0_Pose_Gaze_AUs.csv,8,6486,6486,3,0.0
300,300_P/features/300_BoVW_openFace_2.1.0_Pose_Gaze_AUs.csv,9,6486,6486,1,0.0
300,300_P/features/300_BoVW_openFace_2.1.0_Pose_Gaze_AUs.csv,10,6486,6486,1,0.0
300,300_P/features/300_BoVW_openFace_2.1.0_Pose_Gaze_AUs.csv,11,6486,6486,4,0.0
300,300_P/features/300_BoVW_openFace_2.1.0_Pose_Gaze_AUs.csv,12,6486,6486,1,0.0
300,300_P/features/300_BoVW_openFace_2.1.0_Pose_Gaze_AUs.csv,13,6486,6486,1,0.0
300,300_P/features/300_BoVW_openFace_2.1.0_Pose_Gaze_AUs.csv,14,6486,6486,1,0.0
300,300_P/features/300_BoVW_openFace_2.1.0_Pose_Gaze_AUs.csv,15,6486,6486,34,0.0
300,300_P/features/300_BoVW_openFace_2.1.0_Pose_Gaze_AUs.csv,16,6486,6486,1,0.0
300,300_P/features/300_BoVW_openFace_2.1.0_Pose_Gaze_AUs.csv,17,6486,6486,1,0.0
300,300_P/features/300_BoVW_openFace_2.1.0_Pose_Gaze_AUs.csv,18,6486,6486,39,1.0
300,300_P/features/300_BoVW_openFace_2.1.0_Pose_Gaze_AUs.csv,19,6486,6486,1,0.0
300,300_P/features/300_BoVW_openFace_2.1.0_Pose_Gaze_AUs.csv,20,6486,6486,21,0.0
300,300_P/features/300_BoVW_openFace_2.1.0_Pose_Gaze_AUs.csv,21,6486,6486,3,0.0
300,300_P/features/300_BoVW_openFace_2.1.0_Pose_Gaze_AUs.csv,22,6486,6486,86,1.39794
300,300_P/features/300_BoVW_openFace_2.1.0_Pose_Gaze_AUs.csv,23,6486,6486,1,0.0
300,300_P/features/300_BoVW_openFace_2.1.0_Pose_Gaze_AUs.csv,24,6486,6486,1,0.0
300,300_P/features/300_BoVW_openFace_2.1.0_Pose_Gaze_AUs.csv,25,6486,6486,1,0.0
300,300_P/features/300_BoVW_openFace_2.1.0_Pose_Gaze_AUs.csv,26,6486,6486,122,0.0
300,300_P/features/300_BoVW_openFace_2.1.0_Pose_Gaze_AUs.csv,27,6486,6486,33,0.0
300,300_P/features/300_BoVW_openFace_2.1.0_Pose_Gaze_AUs.csv,28,6486,6486,8,0.0
300,300_P/features/300_BoVW_openFace_2.1.0_Pose_Gaze_AUs.csv,29,6486,6486,4,0.0
300,300_P/features/300_BoVW_openFace_2.1.0_Pose_Gaze_AUs.csv,30,6486,6486,1,0.0
300,300_P/features/300_BoVW_openFace_2.1.0_Pose_Gaze_AUs.csv,31,6486,6486,1,0.0
300,300_P/features/300_BoVW_openFace_2.1.0_Pose_Gaze_AUs.csv,32,6486,6486,1,0.0
300,300_P/features/300_BoVW_openFace_2.1.0_Pose_Gaze_AUs.csv,33,6486,6486,15,0.0
300,300_P/features/300_BoVW_openFace_2.1.0_Pose_Gaze_AUs.csv,34,6486,6486,1,0.0
300,300_P/features/300_BoVW_openFace_2.1.0_Pose_Gaze_AUs.csv,35,6486,6486,1,0.0
300,300_P/features/300_BoVW_openFace_2.1.0_Pose_Gaze_AUs.csv,36,6486,6486,3,0.0
300,300_P/features/300_BoVW_openFace_2.1.0_Pose_Gaze_AUs.csv,37,6486,6486,16,0.69897
300,300_P/features/300_BoVW_openFace_2.1.0_Pose_Gaze_AUs.csv,38,6486,6486,1,0.0
300,300_P/features/300_BoVW_openFace_2.1.0_Pose_Gaze_AUs.csv,39,6486,6486,117,0.0
300,300_P/features/300_BoVW_openFace_2.1.0_Pose_Gaze_AUs.csv,40,6486,6486,1,0.0
300,300_P/features/300_BoVW_openFace_2.1.0_Pose_Gaze_AUs.csv,41,6486,6486,1,0.0
300,300_P/features/300_BoVW_openFace_2.1.0_Pose_Gaze_AUs.csv,42,6486,6486,1,0.0
300,300_P/features/300_BoVW_openFace_2.1.0_Pose_Gaze_AUs.csv,43,6486,6486,1,0.0
300,300_P/features/300_BoVW_openFace_2.1.0_Pose_Gaze_AUs.csv,44,6486,6486,1,0.0
300,300_P/features/300_BoVW_openFace_2.1.0_Pose_Gaze_AUs.csv,45,6486,6486,5,0.0
300,300_P/features/300_BoVW_openFace_2.1.0_Pose_Gaze_AUs.csv,46,6486,6486,5,0.0
300,300_P/features/300_BoVW_openFace_2.1.0_Pose_Gaze_AUs.csv,47,6486,6486,1,0.0
300,300_P/features/300_BoVW_openFace_2.1.0_Pose_Gaze_AUs.csv,48,6486,6486,1,0.0
300,300_P/features/300_BoVW_openFace_2.1.0_Pose_Gaze_AUs.csv,49,6486,6486,1,0.0
300,300_P/features/300_BoVW_openFace_2.1.0_Pose_Gaze_AUs.csv,50,6486,6486,122,0.0
300,300_P/features/300_BoVW_openFace_2.1.0_Pose_Gaze_AUs.csv,51,6486,6486,14,0.0
300,300_P/features/300_BoVW_openFace_2.1.0_Pose_Gaze_AUs.csv,52,6486,6486,7,0.0
300,300_P/features/300_BoVW_openFace_2.1.0_Pose_Gaze_AUs.csv,53,6486,6486,1,0.0
300,300_P/features/300_BoVW_openFace_2.1.0_Pose_Gaze_AUs.csv,54,6486,6486,2,0.0
300,300_P/features/300_BoVW_openFace_2.1.0_Pose_Gaze_AUs.csv,55,6486,6486,1,0.0
300,300_P/features/300_BoVW_openFace_2.1.0_Pose_Gaze_AUs.csv,56,6486,6486,1,0.0
300,300_P/features/300_BoVW_openFace_2.1.0_Pose_Gaze_AUs.csv,57,6486,6486,15,0.0
300,300_P/features/300_BoVW_openFace_2.1.0_Pose_Gaze_AUs.csv,58,6486,6486,2,0.0
300,300_P/features/300_BoVW_openFace_2.1.0_Pose_Gaze_AUs.csv,59,6486,6486,1,0.0
300,300_P/features/300_BoVW_openFace_2.1.0_Pose_Gaze_AUs.csv,60,6486,6486,7,0.0
300,300_P/features/300_BoVW_openFace_2.1.0_Pose_Gaze_AUs.csv,61,6486,6486,1,0.0
300,300_P/features/300_BoVW_openFace_2.1.0_Pose_Gaze_AUs.csv,62,6486,6486,1,0.0
300,300_P/features/300_BoVW_openFace_2.1.0_Pose_Gaze_AUs.csv,63,6486,6486,1,0.0
300,300_P/features/300_BoVW_openFace_2.1.0_Pose_Gaze_AUs.csv,64,6486,6486,1,0.0
300,300_P/features/300_BoVW_openFace_2.1.0_Pose_Gaze_AUs.csv,65,6486,6486,1,0.0
300,300_P/features/300_BoVW_openFace_2.1.0_Pose_Gaze_AUs.csv,66,6486,6486,2,0.0
300,300_P/features/300_BoVW_openFace_2.1.0_Pose_Gaze_AUs.csv,67,6486,6486,3,0.0
300,300_P/features/300_BoVW_openFace_2.1.0_Pose_Gaze_AUs.csv,68,6486,6486,1,0.0
300,300_P/features/300_BoVW_openFace_2.1.0_Pose_Gaze_AUs.csv,69,6486,6486,1,0.0
300,300_P/features/300_BoVW_openFace_2.1.0_Pose_Gaze_AUs.csv,70,6486,6486,8,0.0
300,300_P/features/300_BoVW_openFace_2.1.0_Pose_Gaze_AUs.csv,71,6486,6486,122,1.0791812
300,300_P/features/300_BoVW_openFace_2.1.0_Pose_Gaze_AUs.csv,72,6486,6486,1,0.0
300,300_P/features/300_BoVW_openFace_2.1.0_Pose_Gaze_AUs.csv,73,6486,6486,122,0.0
300,300_P/features/300_BoVW_openFace_2.1.0_Pose_Gaze_AUs.csv,74,6486,6486,15,0.0
300,300_P/features/300_BoVW_openFace_2.1.0_Pose_Gaze_AUs.csv,75,6486,6486,1,0.0
300,300_P/features/300_BoVW_openFace_2.1.0_Pose_Gaze_AUs.csv,76,6486,6486,34,0.0
300,300_P/features/300_BoVW_openFace_2.1.0_Pose_Gaze_AUs.csv,77,6486,6486,83,0.0
300,300_P/features/300_BoVW_openFace_2.1.0_Pose_Gaze_AUs.csv,78,6486,6486,1,0.0
300,300_P/features/300_BoVW_openFace_2.1.0_Pose_Gaze_AUs.csv,79,6486,6486,1,0.0
300,300_P/features/300_BoVW_openFace_2.1.0_Pose_Gaze_AUs.csv,80,6486,6486,1,0.0
300,300_P/features/300_BoVW_openFace_2.1.0_Pose_Gaze_AUs.csv,81,6486,6486,5,0.0
300,300_P/features/300_BoVW_openFace_2.1.0_Pose_Gaze_AUs.csv,82,6486,6486,1,0.0
300,300_P/features/300_BoVW_openFace_2.1.0_Pose_Gaze_AUs.csv,83,6486,6486,1,0.0
300,300_P/features/300_BoVW_openFace_2.1.0_Pose_Gaze_AUs.csv,84,6486,6486,115,0.0
300,300_P/features/300_BoVW_openFace_2.1.0_Pose_Gaze_AUs.csv,85,6486,6486,6,0.0
300,300_P/features/300_BoVW_openFace_2.1.0_Pose_Gaze_AUs.csv,86,6486,6486,1,0.0
300,300_P/features/300_BoVW_openFace_2.1.0_Pose_Gaze_AUs.csv,87,6486,6486,1,0.0
300,300_P/features/300_BoVW_openFace_2.1.0_Pose_Gaze_AUs.csv,88,6486,6486,1,0.0
300,300_P/features/300_BoVW_openFace_2.1.0_Pose_Gaze_AUs.csv,89,6486,6486,1,0.0
300,300_P/features/300_BoVW_openFace_2.1.0_Pose_Gaze_AUs.csv,90,6486,6486,18,0.0
300,300_P/features/300_BoVW_openFace_2.1.0_Pose_Gaze_AUs.csv,91,6486,6486,30,1.146128
300,300_P/features/300_BoVW_openFace_2.1.0_Pose_Gaze_AUs.csv,92,6486,6486,1,0.0
300,300_P/features/300_BoVW_openFace_2.1.0_Pose_Gaze_AUs.csv,93,6486,6486,1,0.0
300,300_P/features/300_BoVW_openFace_2.1.0_Pose_Gaze_AUs.csv,94,6486,6486,11,0.0
300,300_P/features/300_BoVW_openFace_2.1.0_Pose_Gaze_AUs.csv,95,6486,6486,5,0.0
300,300_P/features/300_BoVW_openFace_2.1.0_Pose_Gaze_AUs.csv,96,6486,6486,4,0.0
300,300_P/features/300_BoVW_openFace_2.1.0_Pose_Gaze_AUs.csv,97,6486,6486,4,0.0
300,300_P/features/300_BoVW_openFace_2.1.0_Pose_Gaze_AUs.csv,98,6486,6486,4,0.0
300,300_P/features/300_BoVW_openFace_2.1.0_Pose_Gaze_AUs.csv,99,6486,6486,1,0.0
300,300_P/features/300_BoVW_openFace_2.1.0_Pose_Gaze_AUs.csv,100,6486,6486,1,0.0
300,300_P/features/300_BoVW_openFace_2.1.0_Pose_Gaze_AUs.csv,101,6486,6486,29,0.0
301,301_P/features/301_BoVW_openFace_2.1.0_Pose_Gaze_AUs.csv,0,8241,0,1,'301_OpenFace2.1.0_Pose_gaze_AUs.csv'
301,301_P/features/301_BoVW_openFace_2.1.0_Pose_Gaze_AUs.csv,1,8241,8241,8241,0.0
301,301_P/features/301_BoVW_openFace_2.1.0_Pose_Gaze_AUs.csv,2,8241,8241,1,0.0
301,301_P/features/301_BoVW_openFace_2.1.0_Pose_Gaze_AUs.csv,3,8241,8241,1,0.0
301,301_P/features/301_BoVW_openFace_2.1.0_Pose_Gaze_AUs.csv,4,8241,8241,1,0.0
301,301_P/features/301_BoVW_openFace_2.1.0_Pose_Gaze_AUs.csv,5,8241,8241,4,0.0
301,301_P/features/301_BoVW_openFace_2.1.0_Pose_Gaze_AUs.csv,6,8241,8241,1,0.0
301,301_P/features/301_BoVW_openFace_2.1.0_Pose_Gaze_AUs.csv,7,8241,8241,1,0.0
301,301_P/features/301_BoVW_openFace_2.1.0_Pose_Gaze_AUs.csv,8,8241,8241,1,0.0
301,301_P/features/301_BoVW_openFace_2.1.0_Pose_Gaze_AUs.csv,9,8241,8241,1,0.0
301,301_P/features/301_BoVW_openFace_2.1.0_Pose_Gaze_AUs.csv,10,8241,8241,10,0.0
301,301_P/features/301_BoVW_openFace_2.1.0_Pose_Gaze_AUs.csv,11,8241,8241,1,0.0
301,301_P/features/301_BoVW_openFace_2.1.0_Pose_Gaze_AUs.csv,12,8241,8241,1,0.0
301,301_P/features/301_BoVW_openFace_2.1.0_Pose_Gaze_AUs.csv,13,8241,8241,2,0.0
301,301_P/features/301_BoVW_openFace_2.1.0_Pose_Gaze_AUs.csv,14,8241,8241,1,0.0
301,301_P/features/301_BoVW_openFace_2.1.0_Pose_Gaze_AUs.csv,15,8241,8241,1,0.0
301,301_P/features/301_BoVW_openFace_2.1.0_Pose_Gaze_AUs.csv,16,8241,8241,1,0.0
301,301_P/features/301_BoVW_openFace_2.1.0_Pose_Gaze_AUs.csv,17,8241,8241,1,0.0
301,301_P/features/301_BoVW_openFace_2.1.0_Pose_Gaze_AUs.csv,18,8241,8241,3,0.0
301,301_P/features/301_BoVW_openFace_2.1.0_Pose_Gaze_AUs.csv,19,8241,8241,1,0.0
301,301_P/features/301_BoVW_openFace_2.1.0_Pose_Gaze_AUs.csv,20,8241,8241,1,0.0
301,301_P/features/301_BoVW_openFace_2.1.0_Pose_Gaze_AUs.csv,21,8241,8241,1,0.0
301,301_P/features/301_BoVW_openFace_2.1.0_Pose_Gaze_AUs.csv,22,8241,8241,1,0.0
301,301_P/features/301_BoVW_openFace_2.1.0_Pose_Gaze_AUs.csv,23,8241,8241,1,0.0
301,301_P/features/301_BoVW_openFace_2.1.0_Pose_Gaze_AUs.csv,24,8241,8241,11,0.0
301,301_P/features/301_BoVW_openFace_2.1.0_Pose_Gaze_AUs.csv,25,8241,8241,1,0.0
301,301_P/features/301_BoVW_openFace_2.1.0_Pose_Gaze_AUs.csv,26,8241,8241,1,0.0
301,301_P/features/301_BoVW_openFace_2.1.0_Pose_Gaze_AUs.csv,27,8241,8241,1,0.0
301,301_P/features/301_BoVW_openFace_2.1.0_Pose_Gaze_AUs.csv,28,8241,8241,1,0.0
301,301_P/features/301_BoVW_openFace_2.1.0_Pose_Gaze_AUs.csv,29,8241,8241,1,0.0
301,301_P/features/301_BoVW_openFace_2.1.0_Pose_Gaze_AUs.csv,30,8241,8241,3,0.0
301,301_P/features/301_BoVW_openFace_2.1.0_Pose_Gaze_AUs.csv,31,8241,8241,1,0.0
301,301_P/features/301_BoVW_openFace_2.1.0_Pose_Gaze_AUs.csv,32,8241,8241,1,0.0
301,301_P/features/301_BoVW_openFace_2.1.0_Pose_Gaze_AUs.csv,33,8241,8241,1,0.0
301,301_P/features/301_BoVW_openFace_2.1.0_Pose_Gaze_AUs.csv,34,8241,8241,79,1.7923917
301,301_P/features/301_BoVW_openFace_2.1.0_Pose_Gaze_AUs.csv,35,8241,8241,48,0.0
301,301_P/features/301_BoVW_openFace_2.1.0_Pose_Gaze_AUs.csv,36,8241,8241,1,0.0
301,301_P/features/301_BoVW_openFace_2.1.0_Pose_Gaze_AUs.csv,37,8241,8241,1,0.0
301,301_P/features/301_BoVW_openFace_2.1.0_Pose_Gaze_AUs.csv,38,8241,8241,1,0.0
301,301_P/features/301_BoVW_openFace_2.1.0_Pose_Gaze_AUs.csv,39,8241,8241,1,0.0
301,301_P/features/301_BoVW_openFace_2.1.0_Pose_Gaze_AUs.csv,40,8241,8241,1,0.0
301,301_P/features/301_BoVW_openFace_2.1.0_Pose_Gaze_AUs.csv,41,8241,8241,1,0.0
301,301_P/features/301_BoVW_openFace_2.1.0_Pose_Gaze_AUs.csv,42,8241,8241,1,0.0
301,301_P/features/301_BoVW_openFace_2.1.0_Pose_Gaze_AUs.csv,43,8241,8241,1,0.0
301,301_P/features/301_BoVW_openFace_2.1.0_Pose_Gaze_AUs.csv,44,8241,8241,1,0.0
301,301_P/features/301_BoVW_openFace_2.1.0_Pose_Gaze_AUs.csv,45,8241,8241,1,0.0
301,301_P/features/301_BoVW_openFace_2.1.0_Pose_Gaze_AUs.csv,46,8241,8241,70,0.0
301,301_P/features/301_BoVW_openFace_2.1.0_Pose_Gaze_AUs.csv,47,8241,8241,1,0.0
301,301_P/features/301_BoVW_openFace_2.1.0_Pose_Gaze_AUs.csv,48,8241,8241,1,0.0
301,301_P/features/301_BoVW_openFace_2.1.0_Pose_Gaze_AUs.csv,49,8241,8241,28,0.0
301,301_P/features/301_BoVW_openFace_2.1.0_Pose_Gaze_AUs.csv,50,8241,8241,1,0.0
301,301_P/features/301_BoVW_openFace_2.1.0_Pose_Gaze_AUs.csv,51,8241,8241,1,0.0
301,301_P/features/301_BoVW_openFace_2.1.0_Pose_Gaze_AUs.csv,52,8241,8241,3,0.0
301,301_P/features/301_BoVW_openFace_2.1.0_Pose_Gaze_AUs.csv,53,8241,8241,1,0.0
301,301_P/features/301_BoVW_openFace_2.1.0_Pose_Gaze_AUs.csv,54,8241,8241,1,0.0
301,301_P/features/301_BoVW_openFace_2.1.0_Pose_Gaze_AUs.csv,55,8241,8241,1,0.0
301,301_P/features/301_BoVW_openFace_2.1.0_Pose_Gaze_AUs.csv,56,8241,8241,1,0.0
301,301_P/features/301_BoVW_openFace_2.1.0_Pose_Gaze_AUs.csv,57,8241,8241,1,0.0
301,301_P/features/301_BoVW_openFace_2.1.0_Pose_Gaze_AUs.csv,58,8241,8241,1,0.0
301,301_P/features/301_BoVW_openFace_2.1.0_Pose_Gaze_AUs.csv,59,8241,8241,1,0.0
301,301_P/features/301_BoVW_openFace_2.1.0_Pose_Gaze_AUs.csv,60,8241,8241,1,0.0
301,301_P/features/301_BoVW_openFace_2.1.0_Pose_Gaze_AUs.csv,61,8241,8241,1,0.0
301,301_P/features/301_BoVW_openFace_2.1.0_Pose_Gaze_AUs.csv,62,8241,8241,1,0.0
301,301_P/features/301_BoVW_openFace_2.1.0_Pose_Gaze_AUs.csv,63,8241,8241,1,0.0
301,301_P/features/301_BoVW_openFace_2.1.0_Pose_Gaze_AUs.csv,64,8241,8241,7,0.0
301,301_P/features/301_BoVW_openFace_2.1.0_Pose_Gaze_AUs.csv,65,8241,8241,1,0.0
301,301_P/features/301_BoVW_openFace_2.1.0_Pose_Gaze_AUs.csv,66,8241,8241,1,0.0
301,301_P/features/301_BoVW_openFace_2.1.0_Pose_Gaze_AUs.csv,67,8241,8241,1,0.0
301,301_P/features/301_BoVW_openFace_2.1.0_Pose_Gaze_AUs.csv,68,8241,8241,1,0.0
301,301_P/features/301_BoVW_openFace_2.1.0_Pose_Gaze_AUs.csv,69,8241,8241,1,0.0
301,301_P/features/301_BoVW_openFace_2.1.0_Pose_Gaze_AUs.csv,70,8241,8241,1,0.0
301,301_P/features/301_BoVW_openFace_2.1.0_Pose_Gaze_AUs.csv,71,8241,8241,1,0.0
301,301_P/features/301_BoVW_openFace_2.1.0_Pose_Gaze_AUs.csv,72,8241,8241,1,0.0
301,301_P/features/301_BoVW_openFace_2.1.0_Pose_Gaze_AUs.csv,73,8241,8241,1,0.0
301,301_P/features/301_BoVW_openFace_2.1.0_Pose_Gaze_AUs.csv,74,8241,8241,1,0.0
301,301_P/features/301_BoVW_openFace_2.1.0_Pose_Gaze_AUs.csv,75,8241,8241,1,0.0
301,301_P/features/301_BoVW_openFace_2.1.0_Pose_Gaze_AUs.csv,76,8241,8241,1,0.0
301,301_P/features/301_BoVW_openFace_2.1.0_Pose_Gaze_AUs.csv,77,8241,8241,8,0.0
301,301_P/features/301_BoVW_openFace_2.1.0_Pose_Gaze_AUs.csv,78,8241,8241,1,0.0
301,301_P/features/301_BoVW_openFace_2.1.0_Pose_Gaze_AUs.csv,79,8241,8241,1,0.0
301,301_P/features/301_BoVW_openFace_2.1.0_Pose_Gaze_AUs.csv,80,8241,8241,1,0.0
301,301_P/features/301_BoVW_openFace_2.1.0_Pose_Gaze_AUs.csv,81,8241,8241,12,0.0
301,301_P/features/301_BoVW_openFace_2.1.0_Pose_Gaze_AUs.csv,82,8241,8241,1,0.0
301,301_P/features/301_BoVW_openFace_2.1.0_Pose_Gaze_AUs.csv,83,8241,8241,1,0.0
301,301_P/features/301_BoVW_openFace_2.1.0_Pose_Gaze_AUs.csv,84,8241,8241,1,0.0
301,301_P/features/301_BoVW_openFace_2.1.0_Pose_Gaze_AUs.csv,85,8241,8241,1,0.0
301,301_P/features/301_BoVW_openFace_2.1.0_Pose_Gaze_AUs.csv,86,8241,8241,1,0.0
301,301_P/features/301_BoVW_openFace_2.1.0_Pose_Gaze_AUs.csv,87,8241,8241,1,0.0
301,301_P/features/301_BoVW_openFace_2.1.0_Pose_Gaze_AUs.csv,88,8241,8241,1,0.0
301,301_P/features/301_BoVW_openFace_2.1.0_Pose_Gaze_AUs.csv,89,8241,8241,1,0.0
301,301_P/features/301_BoVW_openFace_2.1.0_Pose_Gaze_AUs.csv,90,8241,8241,1,0.0
301,301_P/features/301_BoVW_openFace_2.1.0_Pose_Gaze_AUs.csv,91,8241,8241,1,0.0
301,301_P/features/301_BoVW_openFace_2.1.0_Pose_Gaze_AUs.csv,92,8241,8241,1,0.0
301,301_P/features/301_BoVW_openFace_2.1.0_Pose_Gaze_AUs.csv,93,8241,8241,1,0.0
301,301_P/features/301_BoVW_openFace_2.1.0_Pose_Gaze_AUs.csv,94,8241,8241,1,0.0
301,301_P/features/301_BoVW_openFace_2.1.0_Pose_Gaze_AUs.csv,95,8241,8241,3,0.0
301,301_P/features/301_BoVW_openFace_2.1.0_Pose_Gaze_AUs.csv,96,8241,8241,1,0.0
301,301_P/features/301_BoVW_openFace_2.1.0_Pose_Gaze_AUs.csv,97,8241,8241,1,0.0
301,301_P/features/301_BoVW_openFace_2.1.0_Pose_Gaze_AUs.csv,98,8241,8241,42,0.0
301,301_P/features/301_BoVW_openFace_2.1.0_Pose_Gaze_AUs.csv,99,8241,8241,1,0.0
301,301_P/features/301_BoVW_openFace_2.1.0_Pose_Gaze_AUs.csv,100,8241,8241,1,0.0
301,301_P/features/301_BoVW_openFace_2.1.0_Pose_Gaze_AUs.csv,101,8241,8241,1,0.0
302,302_P/features/302_BoVW_openFace_2.1.0_Pose_Gaze_AUs.csv,0,7589,0,1,'302_OpenFace2.1.0_Pose_gaze_AUs.csv'
302,302_P/features/302_BoVW_openFace_2.1.0_Pose_Gaze_AUs.csv,1,7589,7589,7589,0.0
302,302_P/features/302_BoVW_openFace_2.1.0_Pose_Gaze_AUs.csv,2,7589,7589,1,0.0
302,302_P/features/302_BoVW_openFace_2.1.0_Pose_Gaze_AUs.csv,3,7589,7589,1,0.0
302,302_P/features/302_BoVW_openFace_2.1.0_Pose_Gaze_AUs.csv,4,7589,7589,1,0.0
302,302_P/features/302_BoVW_openFace_2.1.0_Pose_Gaze_AUs.csv,5,7589,7589,1,0.0
302,302_P/features/302_BoVW_openFace_2.1.0_Pose_Gaze_AUs.csv,6,7589,7589,1,0.0
302,302_P/features/302_BoVW_openFace_2.1.0_Pose_Gaze_AUs.csv,7,7589,7589,9,0.0
302,302_P/features/302_BoVW_openFace_2.1.0_Pose_Gaze_AUs.csv,8,7589,7589,1,0.0
302,302_P/features/302_BoVW_openFace_2.1.0_Pose_Gaze_AUs.csv,9,7589,7589,1,0.0
302,302_P/features/302_BoVW_openFace_2.1.0_Pose_Gaze_AUs.csv,10,7589,7589,2,0.0
302,302_P/features/302_BoVW_openFace_2.1.0_Pose_Gaze_AUs.csv,11,7589,7589,74,0.0
302,302_P/features/302_BoVW_openFace_2.1.0_Pose_Gaze_AUs.csv,12,7589,7589,1,0.0
302,302_P/features/302_BoVW_openFace_2.1.0_Pose_Gaze_AUs.csv,13,7589,7589,1,0.0
302,302_P/features/302_BoVW_openFace_2.1.0_Pose_Gaze_AUs.csv,14,7589,7589,7,0.0
302,302_P/features/302_BoVW_openFace_2.1.0_Pose_Gaze_AUs.csv,15,7589,7589,17,0.0
302,302_P/features/302_BoVW_openFace_2.1.0_Pose_Gaze_AUs.csv,16,7589,7589,3,0.0
302,302_P/features/302_BoVW_openFace_2.1.0_Pose_Gaze_AUs.csv,17,7589,7589,1,0.0
302,302_P/features/302_BoVW_openFace_2.1.0_Pose_Gaze_AUs.csv,18,7589,7589,37,0.0
302,302_P/features/302_BoVW_openFace_2.1.0_Pose_Gaze_AUs.csv,19,7589,7589,1,0.0
302,302_P/features/302_BoVW_openFace_2.1.0_Pose_Gaze_AUs.csv,20,7589,7589,9,0.0
302,302_P/features/302_BoVW_openFace_2.1.0_Pose_Gaze_AUs.csv,21,7589,7589,8,0.0
302,302_P/features/302_BoVW_openFace_2.1.0_Pose_Gaze_AUs.csv,22,7589,7589,115,0.0
302,302_P/features/302_BoVW_openFace_2.1.0_Pose_Gaze_AUs.csv,23,7589,7589,1,0.0
302,302_P/features/302_BoVW_openFace_2.1.0_Pose_Gaze_AUs.csv,24,7589,7589,1,0.0
302,302_P/features/302_BoVW_openFace_2.1.0_Pose_Gaze_AUs.csv,25,7589,7589,1,0.0
302,302_P/features/302_BoVW_openFace_2.1.0_Pose_Gaze_AUs.csv,26,7589,7589,122,0.0
302,302_P/features/302_BoVW_openFace_2.1.0_Pose_Gaze_AUs.csv,27,7589,7589,6,0.0
302,302_P/features/302_BoVW_openFace_2.1.0_Pose_Gaze_AUs.csv,28,7589,7589,7,0.0
302,302_P/features/302_BoVW_openFace_2.1.0_Pose_Gaze_AUs.csv,29,7589,7589,5,0.0
302,302_P/features/302_BoVW_openFace_2.1.0_Pose_Gaze_AUs.csv,30,7589,7589,1,0.0
302,302_P/features/302_BoVW_openFace_2.1.0_Pose_Gaze_AUs.csv,31,7589,7589,5,0.0
302,302_P/features/302_BoVW_openFace_2.1.0_Pose_Gaze_AUs.csv,32,7589,7589,1,0.0
302,302_P/features/302_BoVW_openFace_2.1.0_Pose_Gaze_AUs.csv,33,7589,7589,1,0.0
302,302_P/features/302_BoVW_openFace_2.1.0_Pose_Gaze_AUs.csv,34,7589,7589,1,0.0
302,302_P/features/302_BoVW_openFace_2.1.0_Pose_Gaze_AUs.csv,35,7589,7589,1,0.0
302,302_P/features/302_BoVW_openFace_2.1.0_Pose_Gaze_AUs.csv,36,7589,7589,2,0.0
302,302_P/features/302_BoVW_openFace_2.1.0_Pose_Gaze_AUs.csv,37,7589,7589,62,1.20412
302,302_P/features/302_BoVW_openFace_2.1.0_Pose_Gaze_AUs.csv,38,7589,7589,4,0.0
302,302_P/features/302_BoVW_openFace_2.1.0_Pose_Gaze_AUs.csv,39,7589,7589,122,0.0
302,302_P/features/302_BoVW_openFace_2.1.0_Pose_Gaze_AUs.csv,40,7589,7589,5,0.0
302,302_P/features/302_BoVW_openFace_2.1.0_Pose_Gaze_AUs.csv,41,7589,7589,1,0.0
302,302_P/features/302_BoVW_openFace_2.1.0_Pose_Gaze_AUs.csv,42,7589,7589,1,0.0
302,302_P/features/302_BoVW_openFace_2.1.0_Pose_Gaze_AUs.csv,43,7589,7589,1,0.0
302,302_P/features/302_BoVW_openFace_2.1.0_Pose_Gaze_AUs.csv,44,7589,7589,1,0.0
302,302_P/features/302_BoVW_openFace_2.1.0_Pose_Gaze_AUs.csv,45,7589,7589,44,0.0
302,302_P/features/302_BoVW_openFace_2.1.0_Pose_Gaze_AUs.csv,46,7589,7589,1,0.0
302,302_P/features/302_BoVW_openFace_2.1.0_Pose_Gaze_AUs.csv,47,7589,7589,1,0.0
302,302_P/features/302_BoVW_openFace_2.1.0_Pose_Gaze_AUs.csv,48,7589,7589,1,0.0
302,302_P/features/302_BoVW_openFace_2.1.0_Pose_Gaze_AUs.csv,49,7589,7589,1,0.0
302,302_P/features/302_BoVW_openFace_2.1.0_Pose_Gaze_AUs.csv,50,7589,7589,29,0.0
302,302_P/features/302_BoVW_openFace_2.1.0_Pose_Gaze_AUs.csv,51,7589,7589,11,0.0
302,302_P/features/302_BoVW_openFace_2.1.0_Pose_Gaze_AUs.csv,52,7589,7589,13,0.0
302,302_P/features/302_BoVW_openFace_2.1.0_Pose_Gaze_AUs.csv,53,7589,7589,1,0.0
302,302_P/features/302_BoVW_openFace_2.1.0_Pose_Gaze_AUs.csv,54,7589,7589,1,0.0
302,302_P/features/302_BoVW_openFace_2.1.0_Pose_Gaze_AUs.csv,55,7589,7589,14,0.0
302,302_P/features/302_BoVW_openFace_2.1.0_Pose_Gaze_AUs.csv,56,7589,7589,3,0.0
302,302_P/features/302_BoVW_openFace_2.1.0_Pose_Gaze_AUs.csv,57,7589,7589,1,0.0
302,302_P/features/302_BoVW_openFace_2.1.0_Pose_Gaze_AUs.csv,58,7589,7589,15,0.0
302,302_P/features/302_BoVW_openFace_2.1.0_Pose_Gaze_AUs.csv,59,7589,7589,1,0.0
302,302_P/features/302_BoVW_openFace_2.1.0_Pose_Gaze_AUs.csv,60,7589,7589,1,0.0
302,302_P/features/302_BoVW_openFace_2.1.0_Pose_Gaze_AUs.csv,61,7589,7589,1,0.0
302,302_P/features/302_BoVW_openFace_2.1.0_Pose_Gaze_AUs.csv,62,7589,7589,1,0.0
302,302_P/features/302_BoVW_openFace_2.1.0_Pose_Gaze_AUs.csv,63,7589,7589,2,0.0
302,302_P/features/302_BoVW_openFace_2.1.0_Pose_Gaze_AUs.csv,64,7589,7589,1,0.0
302,302_P/features/302_BoVW_openFace_2.1.0_Pose_Gaze_AUs.csv,65,7589,7589,1,0.0
302,302_P/features/302_BoVW_openFace_2.1.0_Pose_Gaze_AUs.csv,66,7589,7589,1,0.0
302,302_P/features/302_BoVW_openFace_2.1.0_Pose_Gaze_AUs.csv,67,7589,7589,21,0.30103
302,302_P/features/302_BoVW_openFace_2.1.0_Pose_Gaze_AUs.csv,68,7589,7589,1,0.0
302,302_P/features/302_BoVW_openFace_2.1.0_Pose_Gaze_AUs.csv,69,7589,7589,3,0.0
302,302_P/features/302_BoVW_openFace_2.1.0_Pose_Gaze_AUs.csv,70,7589,7589,45,0.69897
302,302_P/features/302_BoVW_openFace_2.1.0_Pose_Gaze_AUs.csv,71,7589,7589,116,1.6232493
302,302_P/features/302_BoVW_openFace_2.1.0_Pose_Gaze_AUs.csv,72,7589,7589,1,0.0
302,302_P/features/302_BoVW_openFace_2.1.0_Pose_Gaze_AUs.csv,73,7589,7589,122,0.0
302,302_P/features/302_BoVW_openFace_2.1.0_Pose_Gaze_AUs.csv,74,7589,7589,78,0.0
302,302_P/features/302_BoVW_openFace_2.1.0_Pose_Gaze_AUs.csv,75,7589,7589,5,0.0
302,302_P/features/302_BoVW_openFace_2.1.0_Pose_Gaze_AUs.csv,76,7589,7589,26,0.0
302,302_P/features/302_BoVW_openFace_2.1.0_Pose_Gaze_AUs.csv,77,7589,7589,64,0.0
302,302_P/features/302_BoVW_openFace_2.1.0_Pose_Gaze_AUs.csv,78,7589,7589,1,0.0
302,302_P/features/302_BoVW_openFace_2.1.0_Pose_Gaze_AUs.csv,79,7589,7589,1,0.0
302,302_P/features/302_BoVW_openFace_2.1.0_Pose_Gaze_AUs.csv,80,7589,7589,6,0.0
302,302_P/features/302_BoVW_openFace_2.1.0_Pose_Gaze_AUs.csv,81,7589,7589,3,0.0
302,302_P/features/302_BoVW_openFace_2.1.0_Pose_Gaze_AUs.csv,82,7589,7589,1,0.0
302,302_P/features/302_BoVW_openFace_2.1.0_Pose_Gaze_AUs.csv,83,7589,7589,1,0.0
302,302_P/features/302_BoVW_openFace_2.1.0_Pose_Gaze_AUs.csv,84,7589,7589,83,0.0
302,302_P/features/302_BoVW_openFace_2.1.0_Pose_Gaze_AUs.csv,85,7589,7589,1,0.0
302,302_P/features/302_BoVW_openFace_2.1.0_Pose_Gaze_AUs.csv,86,7589,7589,1,0.0
302,302_P/features/302_BoVW_openFace_2.1.0_Pose_Gaze_AUs.csv,87,7589,7589,1,0.0
302,302_P/features/302_BoVW_openFace_2.1.0_Pose_Gaze_AUs.csv,88,7589,7589,50,0.0
302,302_P/features/302_BoVW_openFace_2.1.0_Pose_Gaze_AUs.csv,89,7589,7589,1,0.0
302,302_P/features/302_BoVW_openFace_2.1.0_Pose_Gaze_AUs.csv,90,7589,7589,1,0.0
302,302_P/features/302_BoVW_openFace_2.1.0_Pose_Gaze_AUs.csv,91,7589,7589,30,0.0
302,302_P/features/302_BoVW_openFace_2.1.0_Pose_Gaze_AUs.csv,92,7589,7589,2,0.0
302,302_P/features/302_BoVW_openFace_2.1.0_Pose_Gaze_AUs.csv,93,7589,7589,1,0.0
302,302_P/features/302_BoVW_openFace_2.1.0_Pose_Gaze_AUs.csv,94,7589,7589,122,0.0
302,302_P/features/302_BoVW_openFace_2.1.0_Pose_Gaze_AUs.csv,95,7589,7589,13,0.0
302,302_P/features/302_BoVW_openFace_2.1.0_Pose_Gaze_AUs.csv,96,7589,7589,1,0.0
302,302_P/features/302_BoVW_openFace_2.1.0_Pose_Gaze_AUs.csv,97,7589,7589,1,0.0
302,302_P/features/302_BoVW_openFace_2.1.0_Pose_Gaze_AUs.csv,98,7589,7589,2,0.0
302,302_P/features/302_BoVW_openFace_2.1.0_Pose_Gaze_AUs.csv,99,7589,7589,83,0.0
302,302_P/features/302_BoVW_openFace_2.1.0_Pose_Gaze_AUs.csv,100,7589,7589,2,0.0
302,302_P/features/302_BoVW_openFace_2.1.0_Pose_Gaze_AUs.csv,101,7589,7589,53,0.0
303,303_P/features/303_BoVW_openFace_2.1.0_Pose_Gaze_AUs.csv,0,9855,0,1,'303_OpenFace2.1.0_Pose_gaze_AUs.csv'
303,303_P/features/303_BoVW_openFace_2.1.0_Pose_Gaze_AUs.csv,1,9855,9855,9855,0.0
303,303_P/features/303_BoVW_openFace_2.1.0_Pose_Gaze_AUs.csv,2,9855,9855,1,0.0
303,303_P/features/303_BoVW_openFace_2.1.0_Pose_Gaze_AUs.csv,3,9855,9855,1,0.0
303,303_P/features/303_BoVW_openFace_2.1.0_Pose_Gaze_AUs.csv,4,9855,9855,1,0.0
303,303_P/features/303_BoVW_openFace_2.1.0_Pose_Gaze_AUs.csv,5,9855,9855,1,0.0
303,303_P/features/303_BoVW_openFace_2.1.0_Pose_Gaze_AUs.csv,6,9855,9855,1,0.0
303,303_P/features/303_BoVW_openFace_2.1.0_Pose_Gaze_AUs.csv,7,9855,9855,1,0.0
303,303_P/features/303_BoVW_openFace_2.1.0_Pose_Gaze_AUs.csv,8,9855,9855,1,0.0
303,303_P/features/303_BoVW_openFace_2.1.0_Pose_Gaze_AUs.csv,9,9855,9855,1,0.0
303,303_P/features/303_BoVW_openFace_2.1.0_Pose_Gaze_AUs.csv,10,9855,9855,15,0.0
303,303_P/features/303_BoVW_openFace_2.1.0_Pose_Gaze_AUs.csv,11,9855,9855,1,0.0
303,303_P/features/303_BoVW_openFace_2.1.0_Pose_Gaze_AUs.csv,12,9855,9855,1,0.0
303,303_P/features/303_BoVW_openFace_2.1.0_Pose_Gaze_AUs.csv,13,9855,9855,2,0.0
303,303_P/features/303_BoVW_openFace_2.1.0_Pose_Gaze_AUs.csv,14,9855,9855,1,0.0
303,303_P/features/303_BoVW_openFace_2.1.0_Pose_Gaze_AUs.csv,15,9855,9855,1,0.0
303,303_P/features/303_BoVW_openFace_2.1.0_Pose_Gaze_AUs.csv,16,9855,9855,1,0.0
303,303_P/features/303_BoVW_openFace_2.1.0_Pose_Gaze_AUs.csv,17,9855,9855,1,0.0
303,303_P/features/303_BoVW_openFace_2.1.0_Pose_Gaze_AUs.csv,18,9855,9855,1,0.0
303,303_P/features/303_BoVW_openFace_2.1.0_Pose_Gaze_AUs.csv,19,9855,9855,1,0.0
303,303_P/features/303_BoVW_openFace_2.1.0_Pose_Gaze_AUs.csv,20,9855,9855,1,0.0
303,303_P/features/303_BoVW_openFace_2.1.0_Pose_Gaze_AUs.csv,21,9855,9855,1,0.0
303,303_P/features/303_BoVW_openFace_2.1.0_Pose_Gaze_AUs.csv,22,9855,9855,1,0.0
303,303_P/features/303_BoVW_openFace_2.1.0_Pose_Gaze_AUs.csv,23,9855,9855,1,0.0
303,303_P/features/303_BoVW_openFace_2.1.0_Pose_Gaze_AUs.csv,24,9855,9855,82,0.0
303,303_P/features/303_BoVW_openFace_2.1.0_Pose_Gaze_AUs.csv,25,9855,9855,1,0.0
303,303_P/features/303_BoVW_openFace_2.1.0_Pose_Gaze_AUs.csv,26,9855,9855,2,0.0
303,303_P/features/303_BoVW_openFace_2.1.0_Pose_Gaze_AUs.csv,27,9855,9855,1,0.0
303,303_P/features/303_BoVW_openFace_2.1.0_Pose_Gaze_AUs.csv,28,9855,9855,1,0.0
303,303_P/features/303_BoVW_openFace_2.1.0_Pose_Gaze_AUs.csv,29,9855,9855,1,0.0
303,303_P/features/303_BoVW_openFace_2.1.0_Pose_Gaze_AUs.csv,30,9855,9855,1,0.0
303,303_P/features/303_BoVW_openFace_2.1.0_Pose_Gaze_AUs.csv,31,9855,9855,1,0.0
303,303_P/features/303_BoVW_openFace_2.1.0_Pose_Gaze_AUs.csv,32,9855,9855,1,0.0
303,303_P/features/303_BoVW_openFace_2.1.0_Pose_Gaze_AUs.csv,33,9855,9855,1,0.0
303,303_P/features/303_BoVW_openFace_2.1.0_Pose_Gaze_AUs.csv,34,9855,9855,122,0.0
303,303_P/features/303_BoVW_openFace_2.1.0_Pose_Gaze_AUs.csv,35,9855,9855,1,0.0
303,303_P/features/303_BoVW_openFace_2.1.0_Pose_Gaze_AUs.csv,36,9855,9855,1,0.0
303,303_P/features/303_BoVW_openFace_2.1.0_Pose_Gaze_AUs.csv,37,9855,9855,1,0.0
303,303_P/features/303_BoVW_openFace_2.1.0_Pose_Gaze_AUs.csv,38,9855,9855,1,0.0
303,303_P/features/303_BoVW_openFace_2.1.0_Pose_Gaze_AUs.csv,39,9855,9855,4,0.0
303,303_P/features/303_BoVW_openFace_2.1.0_Pose_Gaze_AUs.csv,40,9855,9855,1,0.0
303,303_P/features/303_BoVW_openFace_2.1.0_Pose_Gaze_AUs.csv,41,9855,9855,1,0.0
303,303_P/features/303_BoVW_openFace_2.1.0_Pose_Gaze_AUs.csv,42,9855,9855,5,0.0
303,303_P/features/303_BoVW_openFace_2.1.0_Pose_Gaze_AUs.csv,43,9855,9855,1,0.0
303,303_P/features/303_BoVW_openFace_2.1.0_Pose_Gaze_AUs.csv,44,9855,9855,1,0.0
303,303_P/features/303_BoVW_openFace_2.1.0_Pose_Gaze_AUs.csv,45,9855,9855,1,0.0
303,303_P/features/303_BoVW_openFace_2.1.0_Pose_Gaze_AUs.csv,46,9855,9855,122,1.7923917
303,303_P/features/303_BoVW_openFace_2.1.0_Pose_Gaze_AUs.csv,47,9855,9855,1,0.0
303,303_P/features/303_BoVW_openFace_2.1.0_Pose_Gaze_AUs.csv,48,9855,9855,1,0.0
303,303_P/features/303_BoVW_openFace_2.1.0_Pose_Gaze_AUs.csv,49,9855,9855,8,0.0
303,303_P/features/303_BoVW_openFace_2.1.0_Pose_Gaze_AUs.csv,50,9855,9855,2,0.0
303,303_P/features/303_BoVW_openFace_2.1.0_Pose_Gaze_AUs.csv,51,9855,9855,1,0.0
303,303_P/features/303_BoVW_openFace_2.1.0_Pose_Gaze_AUs.csv,52,9855,9855,64,0.0
303,303_P/features/303_BoVW_openFace_2.1.0_Pose_Gaze_AUs.csv,53,9855,9855,1,0.0
303,303_P/features/303_BoVW_openFace_2.1.0_Pose_Gaze_AUs.csv,54,9855,9855,8,0.0
303,303_P/features/303_BoVW_openFace_2.1.0_Pose_Gaze_AUs.csv,55,9855,9855,1,0.0
303,303_P/features/303_BoVW_openFace_2.1.0_Pose_Gaze_AUs.csv,56,9855,9855,1,0.0
303,303_P/features/303_BoVW_openFace_2.1.0_Pose_Gaze_AUs.csv,57,9855,9855,1,0.0
303,303_P/features/303_BoVW_openFace_2.1.0_Pose_Gaze_AUs.csv,58,9855,9855,1,0.0
303,303_P/features/303_BoVW_openFace_2.1.0_Pose_Gaze_AUs.csv,59,9855,9855,1,0.0
303,303_P/features/303_BoVW_openFace_2.1.0_Pose_Gaze_AUs.csv,60,9855,9855,1,0.0
303,303_P/features/303_BoVW_openFace_2.1.0_Pose_Gaze_AUs.csv,61,9855,9855,1,0.0
303,303_P/features/303_BoVW_openFace_2.1.0_Pose_Gaze_AUs.csv,62,9855,9855,1,0.0
303,303_P/features/303_BoVW_openFace_2.1.0_Pose_Gaze_AUs.csv,63,9855,9855,1,0.0
303,303_P/features/303_BoVW_openFace_2.1.0_Pose_Gaze_AUs.csv,64,9855,9855,1,0.0
303,303_P/features/303_BoVW_openFace_2.1.0_Pose_Gaze_AUs.csv,65,9855,9855,1,0.0
303,303_P/features/303_BoVW_openFace_2.1.0_Pose_Gaze_AUs.csv,66,9855,9855,1,0.0
303,303_P/features/303_BoVW_openFace_2.1.0_Pose_Gaze_AUs.csv,67,9855,9855,1,0.0
303,303_P/features/303_BoVW_openFace_2.1.0_Pose_Gaze_AUs.csv,68,9855,9855,1,0.0
303,303_P/features/303_BoVW_openFace_2.1.0_Pose_Gaze_AUs.csv,69,9855,9855,1,0.0
303,303_P/features/303_BoVW_openFace_2.1.0_Pose_Gaze_AUs.csv,70,9855,9855,1,0.0
303,303_P/features/303_BoVW_openFace_2.1.0_Pose_Gaze_AUs.csv,71,9855,9855,2,0.0
303,303_P/features/303_BoVW_openFace_2.1.0_Pose_Gaze_AUs.csv,72,9855,9855,1,0.0
303,303_P/features/303_BoVW_openFace_2.1.0_Pose_Gaze_AUs.csv,73,9855,9855,4,0.0
303,303_P/features/303_BoVW_openFace_2.1.0_Pose_Gaze_AUs.csv,74,9855,9855,1,0.0
303,303_P/features/303_BoVW_openFace_2.1.0_Pose_Gaze_AUs.csv,75,9855,9855,1,0.0
303,303_P/features/303_BoVW_openFace_2.1.0_Pose_Gaze_AUs.csv,76,9855,9855,1,0.0
303,303_P/features/303_BoVW_openFace_2.1.0_Pose_Gaze_AUs.csv,77,9855,9855,21,0.0
303,303_P/features/303_BoVW_openFace_2.1.0_Pose_Gaze_AUs.csv,78,9855,9855,1,0.0
303,303_P/features/303_BoVW_openFace_2.1.0_Pose_Gaze_AUs.csv,79,9855,9855,1,0.0
303,303_P/features/303_BoVW_openFace_2.1.0_Pose_Gaze_AUs.csv,80,9855,9855,1,0.0
303,303_P/features/303_BoVW_openFace_2.1.0_Pose_Gaze_AUs.csv,81,9855,9855,5,0.0
303,303_P/features/303_BoVW_openFace_2.1.0_Pose_Gaze_AUs.csv,82,9855,9855,1,0.0
303,303_P/features/303_BoVW_openFace_2.1.0_Pose_Gaze_AUs.csv,83,9855,9855,1,0.0
303,303_P/features/303_BoVW_openFace_2.1.0_Pose_Gaze_AUs.csv,84,9855,9855,1,0.0
303,303_P/features/303_BoVW_openFace_2.1.0_Pose_Gaze_AUs.csv,85,9855,9855,1,0.0
303,303_P/features/303_BoVW_openFace_2.1.0_Pose_Gaze_AUs.csv,86,9855,9855,1,0.0
303,303_P/features/303_BoVW_openFace_2.1.0_Pose_Gaze_AUs.csv,87,9855,9855,1,0.0
303,303_P/features/303_BoVW_openFace_2.1.0_Pose_Gaze_AUs.csv,88,9855,9855,1,0.0
303,303_P/features/303_BoVW_openFace_2.1.0_Pose_Gaze_AUs.csv,89,9855,9855,1,0.0
303,303_P/features/303_BoVW_openFace_2.1.0_Pose_Gaze_AUs.csv,90,9855,9855,1,0.0
303,303_P/features/303_BoVW_openFace_2.1.0_Pose_Gaze_AUs.csv,91,9855,9855,1,0.0
303,303_P/features/303_BoVW_openFace_2.1.0_Pose_Gaze_AUs.csv,92,9855,9855,1,0.0
303,303_P/features/303_BoVW_openFace_2.1.0_Pose_Gaze_AUs.csv,93,9855,9855,1,0.0
303,303_P/features/303_BoVW_openFace_2.1.0_Pose_Gaze_AUs.csv,94,9855,9855,1,0.0
303,303_P/features/303_BoVW_openFace_2.1.0_Pose_Gaze_AUs.csv,95,9855,9855,3,0.0
303,303_P/features/303_BoVW_openFace_2.1.0_Pose_Gaze_AUs.csv,96,9855,9855,1,0.0
303,303_P/features/303_BoVW_openFace_2.1.0_Pose_Gaze_AUs.csv,97,9855,9855,1,0.0
303,303_P/features/303_BoVW_openFace_2.1.0_Pose_Gaze_AUs.csv,98,9855,9855,1,0.0
303,303_P/features/303_BoVW_openFace_2.1.0_Pose_Gaze_AUs.csv,99,9855,9855,1,0.0
303,303_P/features/303_BoVW_openFace_2.1.0_Pose_Gaze_AUs.csv,100,9855,9855,1,0.0
303,303_P/features/303_BoVW_openFace_2.1.0_Pose_Gaze_AUs.csv,101,9855,9855,1,0.0
304,304_P/features/304_BoVW_openFace_2.1.0_Pose_Gaze_AUs.csv,0,7927,0,1,'304_OpenFace2.1.0_Pose_gaze_AUs.csv'
304,304_P/features/304_BoVW_openFace_2.1.0_Pose_Gaze_AUs.csv,1,7927,7927,7927,0.0
304,304_P/features/304_BoVW_openFace_2.1.0_Pose_Gaze_AUs.csv,2,7927,7927,1,0.0
304,304_P/features/304_BoVW_openFace_2.1.0_Pose_Gaze_AUs.csv,3,7927,7927,1,0.0
304,304_P/features/304_BoVW_openFace_2.1.0_Pose_Gaze_AUs.csv,4,7927,7927,1,0.0
304,304_P/features/304_BoVW_openFace_2.1.0_Pose_Gaze_AUs.csv,5,7927,7927,1,0.0
304,304_P/features/304_BoVW_openFace_2.1.0_Pose_Gaze_AUs.csv,6,7927,7927,1,0.0
304,304_P/features/304_BoVW_openFace_2.1.0_Pose_Gaze_AUs.csv,7,7927,7927,5,0.0
304,304_P/features/304_BoVW_openFace_2.1.0_Pose_Gaze_AUs.csv,8,7927,7927,1,0.0
304,304_P/features/304_BoVW_openFace_2.1.0_Pose_Gaze_AUs.csv,9,7927,7927,1,0.0
304,304_P/features/304_BoVW_openFace_2.1.0_Pose_Gaze_AUs.csv,10,7927,7927,1,0.0
304,304_P/features/304_BoVW_openFace_2.1.0_Pose_Gaze_AUs.csv,11,7927,7927,3,0.0
304,304_P/features/304_BoVW_openFace_2.1.0_Pose_Gaze_AUs.csv,12,7927,7927,1,0.0
304,304_P/features/304_BoVW_openFace_2.1.0_Pose_Gaze_AUs.csv,13,7927,7927,1,0.0
304,304_P/features/304_BoVW_openFace_2.1.0_Pose_Gaze_AUs.csv,14,7927,7927,1,0.0
304,304_P/features/304_BoVW_openFace_2.1.0_Pose_Gaze_AUs.csv,15,7927,7927,1,0.0
304,304_P/features/304_BoVW_openFace_2.1.0_Pose_Gaze_AUs.csv,16,7927,7927,1,0.0
304,304_P/features/304_BoVW_openFace_2.1.0_Pose_Gaze_AUs.csv,17,7927,7927,1,0.0
304,304_P/features/304_BoVW_openFace_2.1.0_Pose_Gaze_AUs.csv,18,7927,7927,93,0.0
304,304_P/features/304_BoVW_openFace_2.1.0_Pose_Gaze_AUs.csv,19,7927,7927,1,0.0
304,304_P/features/304_BoVW_openFace_2.1.0_Pose_Gaze_AUs.csv,20,7927,7927,1,0.0
304,304_P/features/304_BoVW_openFace_2.1.0_Pose_Gaze_AUs.csv,21,7927,7927,1,0.0
304,304_P/features/304_BoVW_openFace_2.1.0_Pose_Gaze_AUs.csv,22,7927,7927,121,0.0
304,304_P/features/304_BoVW_openFace_2.1.0_Pose_Gaze_AUs.csv,23,7927,7927,1,0.0
304,304_P/features/304_BoVW_openFace_2.1.0_Pose_Gaze_AUs.csv,24,7927,7927,1,0.0
304,304_P/features/304_BoVW_openFace_2.1.0_Pose_Gaze_AUs.csv,25,7927,7927,1,0.0
304,304_P/features/304_BoVW_openFace_2.1.0_Pose_Gaze_AUs.csv,26,7927,7927,1,0.0
304,304_P/features/304_BoVW_openFace_2.1.0_Pose_Gaze_AUs.csv,27,7927,7927,1,0.0
304,304_P/features/304_BoVW_openFace_2.1.0_Pose_Gaze_AUs.csv,28,7927,7927,1,0.0
304,304_P/features/304_BoVW_openFace_2.1.0_Pose_Gaze_AUs.csv,29,7927,7927,1,0.0
304,304_P/features/304_BoVW_openFace_2.1.0_Pose_Gaze_AUs.csv,30,7927,7927,1,0.0
304,304_P/features/304_BoVW_openFace_2.1.0_Pose_Gaze_AUs.csv,31,7927,7927,1,0.0
304,304_P/features/304_BoVW_openFace_2.1.0_Pose_Gaze_AUs.csv,32,7927,7927,1,0.0
304,304_P/features/304_BoVW_openFace_2.1.0_Pose_Gaze_AUs.csv,33,7927,7927,1,0.0
304,304_P/features/304_BoVW_openFace_2.1.0_Pose_Gaze_AUs.csv,34,7927,7927,5,0.0
304,304_P/features/304_BoVW_openFace_2.1.0_Pose_Gaze_AUs.csv,35,7927,7927,1,0.0
304,304_P/features/304_BoVW_openFace_2.1.0_Pose_Gaze_AUs.csv,36,7927,7927,1,0.0
304,304_P/features/304_BoVW_openFace_2.1.0_Pose_Gaze_AUs.csv,37,7927,7927,3,0.0
304,304_P/features/304_BoVW_openFace_2.1.0_Pose_Gaze_AUs.csv,38,7927,7927,1,0.0
304,304_P/features/304_BoVW_openFace_2.1.0_Pose_Gaze_AUs.csv,39,7927,7927,60,0.0
304,304_P/features/304_BoVW_openFace_2.1.0_Pose_Gaze_AUs.csv,40,7927,7927,1,0.0
304,304_P/features/304_BoVW_openFace_2.1.0_Pose_Gaze_AUs.csv,41,7927,7927,1,0.0
304,304_P/features/304_BoVW_openFace_2.1.0_Pose_Gaze_AUs.csv,42,7927,7927,1,0.0
304,304_P/features/304_BoVW_openFace_2.1.0_Pose_Gaze_AUs.csv,43,7927,7927,1,0.0
304,304_P/features/304_BoVW_openFace_2.1.0_Pose_Gaze_AUs.csv,44,7927,7927,1,0.0
304,304_P/features/304_BoVW_openFace_2.1.0_Pose_Gaze_AUs.csv,45,7927,7927,31,0.0
304,304_P/features/304_BoVW_openFace_2.1.0_Pose_Gaze_AUs.csv,46,7927,7927,122,1.7923917
304,304_P/features/304_BoVW_openFace_2.1.0_Pose_Gaze_AUs.csv,47,7927,7927,1,0.0
304,304_P/features/304_BoVW_openFace_2.1.0_Pose_Gaze_AUs.csv,48,7927,7927,1,0.0
304,304_P/features/304_BoVW_openFace_2.1.0_Pose_Gaze_AUs.csv,49,7927,7927,1,0.0
304,304_P/features/304_BoVW_openFace_2.1.0_Pose_Gaze_AUs.csv,50,7927,7927,1,0.0
304,304_P/features/304_BoVW_openFace_2.1.0_Pose_Gaze_AUs.csv,51,7927,7927,1,0.0
304,304_P/features/304_BoVW_openFace_2.1.0_Pose_Gaze_AUs.csv,52,7927,7927,7,0.0
304,304_P/features/304_BoVW_openFace_2.1.0_Pose_Gaze_AUs.csv,53,7927,7927,1,0.0
304,304_P/features/304_BoVW_openFace_2.1.0_Pose_Gaze_AUs.csv,54,7927,7927,11,0.0
304,304_P/features/304_BoVW_openFace_2.1.0_Pose_Gaze_AUs.csv,55,7927,7927,1,0.0
304,304_P/features/304_BoVW_openFace_2.1.0_Pose_Gaze_AUs.csv,56,7927,7927,1,0.0
304,304_P/features/304_BoVW_openFace_2.1.0_Pose_Gaze_AUs.csv,57,7927,7927,1,0.0
304,304_P/features/304_BoVW_openFace_2.1.0_Pose_Gaze_AUs.csv,58,7927,7927,1,0.0
304,304_P/features/304_BoVW_openFace_2.1.0_Pose_Gaze_AUs.csv,59,7927,7927,1,0.0
304,304_P/features/304_BoVW_openFace_2.1.0_Pose_Gaze_AUs.csv,60,7927,7927,1,0.0
304,304_P/features/304_BoVW_openFace_2.1.0_Pose_Gaze_AUs.csv,61,7927,7927,1,0.0
304,304_P/features/304_BoVW_openFace_2.1.0_Pose_Gaze_AUs.csv,62,7927,7927,1,0.0
304,304_P/features/304_BoVW_openFace_2.1.0_Pose_Gaze_AUs.csv,63,7927,7927,1,0.0
304,304_P/features/304_BoVW_openFace_2.1.0_Pose_Gaze_AUs.csv,64,7927,7927,1,0.0
304,304_P/features/304_BoVW_openFace_2.1.0_Pose_Gaze_AUs.csv,65,7927,7927,1,0.0
304,304_P/features/304_BoVW_openFace_2.1.0_Pose_Gaze_AUs.csv,66,7927,7927,1,0.0
304,304_P/features/304_BoVW_openFace_2.1.0_Pose_Gaze_AUs.csv,67,7927,7927,1,0.0
304,304_P/features/304_BoVW_openFace_2.1.0_Pose_Gaze_AUs.csv,68,7927,7927,1,0.0
304,304_P/features/304_BoVW_openFace_2.1.0_Pose_Gaze_AUs.csv,69,7927,7927,1,0.0
304,304_P/features/304_BoVW_openFace_2.1.0_Pose_Gaze_AUs.csv,70,7927,7927,1,0.0
304,304_P/features/304_BoVW_openFace_2.1.0_Pose_Gaze_AUs.csv,71,7927,7927,3,0.0
304,304_P/features/304_BoVW_openFace_2.1.0_Pose_Gaze_AUs.csv,72,7927,7927,1,0.0
304,304_P/features/304_BoVW_openFace_2.1.0_Pose_Gaze_AUs.csv,73,7927,7927,1,0.0
304,304_P/features/304_BoVW_openFace_2.1.0_Pose_Gaze_AUs.csv,74,7927,7927,1,0.0
304,304_P/features/304_BoVW_openFace_2.1.0_Pose_Gaze_AUs.csv,75,7927,7927,1,0.0
304,304_P/features/304_BoVW_openFace_2.1.0_Pose_Gaze_AUs.csv,76,7927,7927,122,0.0
304,304_P/features/304_BoVW_openFace_2.1.0_Pose_Gaze_AUs.csv,77,7927,7927,107,0.0
304,304_P/features/304_BoVW_openFace_2.1.0_Pose_Gaze_AUs.csv,78,7927,7927,1,0.0
304,304_P/features/304_BoVW_openFace_2.1.0_Pose_Gaze_AUs.csv,79,7927,7927,1,0.0
304,304_P/features/304_BoVW_openFace_2.1.0_Pose_Gaze_AUs.csv,80,7927,7927,1,0.0
304,304_P/features/304_BoVW_openFace_2.1.0_Pose_Gaze_AUs.csv,81,7927,7927,4,0.0
304,304_P/features/304_BoVW_openFace_2.1.0_Pose_Gaze_AUs.csv,82,7927,7927,1,0.0
304,304_P/features/304_BoVW_openFace_2.1.0_Pose_Gaze_AUs.csv,83,7927,7927,1,0.0
304,304_P/features/304_BoVW_openFace_2.1.0_Pose_Gaze_AUs.csv,84,7927,7927,1,0.0
304,304_P/features/304_BoVW_openFace_2.1.0_Pose_Gaze_AUs.csv,85,7927,7927,1,0.0
304,304_P/features/304_BoVW_openFace_2.1.0_Pose_Gaze_AUs.csv,86,7927,7927,1,0.0
304,304_P/features/304_BoVW_openFace_2.1.0_Pose_Gaze_AUs.csv,87,7927,7927,1,0.0
304,304_P/features/304_BoVW_openFace_2.1.0_Pose_Gaze_AUs.csv,88,7927,7927,1,0.0
304,304_P/features/304_BoVW_openFace_2.1.0_Pose_Gaze_AUs.csv,89,7927,7927,1,0.0
304,304_P/features/304_BoVW_openFace_2.1.0_Pose_Gaze_AUs.csv,90,7927,7927,18,0.0
304,304_P/features/304_BoVW_openFace_2.1.0_Pose_Gaze_AUs.csv,91,7927,7927,3,0.0
304,304_P/features/304_BoVW_openFace_2.1.0_Pose_Gaze_AUs.csv,92,7927,7927,1,0.0
304,304_P/features/304_BoVW_openFace_2.1.0_Pose_Gaze_AUs.csv,93,7927,7927,1,0.0
304,304_P/features/304_BoVW_openFace_2.1.0_Pose_Gaze_AUs.csv,94,7927,7927,1,0.0
304,304_P/features/304_BoVW_openFace_2.1.0_Pose_Gaze_AUs.csv,95,7927,7927,10,0.0
304,304_P/features/304_BoVW_openFace_2.1.0_Pose_Gaze_AUs.csv,96,7927,7927,1,0.0
304,304_P/features/304_BoVW_openFace_2.1.0_Pose_Gaze_AUs.csv,97,7927,7927,1,0.0
304,304_P/features/304_BoVW_openFace_2.1.0_Pose_Gaze_AUs.csv,98,7927,7927,2,0.0
304,304_P/features/304_BoVW_openFace_2.1.0_Pose_Gaze_AUs.csv,99,7927,7927,1,0.0
304,304_P/features/304_BoVW_openFace_2.1.0_Pose_Gaze_AUs.csv,100,7927,7927,1,0.0
304,304_P/features/304_BoVW_openFace_2.1.0_Pose_Gaze_AUs.csv,101,7927,7927,113,0.0
305,305_P/features/305_BoVW_openFace_2.1.0_Pose_Gaze_AUs.csv,0,17041,0,1,'305_OpenFace2.1.0_Pose_gaze_AUs.csv'
305,305_P/features/305_BoVW_openFace_2.1.0_Pose_Gaze_AUs.csv,1,17041,17041,17041,0.0
305,305_P/features/305_BoVW_openFace_2.1.0_Pose_Gaze_AUs.csv,2,17041,17041,1,0.0
305,305_P/features/305_BoVW_openFace_2.1.0_Pose_Gaze_AUs.csv,3,17041,17041,1,0.0
305,305_P/features/305_BoVW_openFace_2.1.0_Pose_Gaze_AUs.csv,4,17041,17041,1,0.0
305,305_P/features/305_BoVW_openFace_2.1.0_Pose_Gaze_AUs.csv,5,17041,17041,1,0.0
305,305_P/features/305_BoVW_openFace_2.1.0_Pose_Gaze_AUs.csv,6,17041,17041,9,0.0
305,305_P/features/305_BoVW_openFace_2.1.0_Pose_Gaze_AUs.csv,7,17041,17041,1,0.0
305,305_P/features/305_BoVW_openFace_2.1.0_Pose_Gaze_AUs.csv,8,17041,17041,1,0.0
305,305_P/features/305_BoVW_openFace_2.1.0_Pose_Gaze_AUs.csv,9,17041,17041,1,0.0
305,305_P/features/305_BoVW_openFace_2.1.0_Pose_Gaze_AUs.csv,10,17041,17041,12,0.0
305,305_P/features/305_BoVW_openFace_2.1.0_Pose_Gaze_AUs.csv,11,17041,17041,1,0.0
305,305_P/features/305_BoVW_openFace_2.1.0_Pose_Gaze_AUs.csv,12,17041,17041,1,0.0
305,305_P/features/305_BoVW_openFace_2.1.0_Pose_Gaze_AUs.csv,13,17041,17041,1,0.0
305,305_P/features/305_BoVW_openFace_2.1.0_Pose_Gaze_AUs.csv,14,17041,17041,2,0.0
305,305_P/features/305_BoVW_openFace_2.1.0_Pose_Gaze_AUs.csv,15,17041,17041,2,0.0
305,305_P/features/305_BoVW_openFace_2.1.0_Pose_Gaze_AUs.csv,16,17041,17041,1,0.0
305,305_P/features/305_BoVW_openFace_2.1.0_Pose_Gaze_AUs.csv,17,17041,17041,1,0.0
305,305_P/features/305_BoVW_openFace_2.1.0_Pose_Gaze_AUs.csv,18,17041,17041,12,0.0
305,305_P/features/305_BoVW_openFace_2.1.0_Pose_Gaze_AUs.csv,19,17041,17041,1,0.0
305,305_P/features/305_BoVW_openFace_2.1.0_Pose_Gaze_AUs.csv,20,17041,17041,2,0.0
305,305_P/features/305_BoVW_openFace_2.1.0_Pose_Gaze_AUs.csv,21,17041,17041,1,0.0
305,305_P/features/305_BoVW_openFace_2.1.0_Pose_Gaze_AUs.csv,22,17041,17041,33,0.0
305,305_P/features/305_BoVW_openFace_2.1.0_Pose_Gaze_AUs.csv,23,17041,17041,1,0.0
305,305_P/features/305_BoVW_openFace_2.1.0_Pose_Gaze_AUs.csv,24,17041,17041,1,0.0
305,305_P/features/305_BoVW_openFace_2.1.0_Pose_Gaze_AUs.csv,25,17041,17041,1,0.0
305,305_P/features/305_BoVW_openFace_2.1.0_Pose_Gaze_AUs.csv,26,17041,17041,3,0.0
305,305_P/features/305_BoVW_openFace_2.1.0_Pose_Gaze_AUs.csv,27,17041,17041,3,0.0
305,305_P/features/305_BoVW_openFace_2.1.0_Pose_Gaze_AUs.csv,28,17041,17041,1,0.0
305,305_P/features/305_BoVW_openFace_2.1.0_Pose_Gaze_AUs.csv,29,17041,17041,1,0.0
305,305_P/features/305_BoVW_openFace_2.1.0_Pose_Gaze_AUs.csv,30,17041,17041,1,0.0
305,305_P/features/305_BoVW_openFace_2.1.0_Pose_Gaze_AUs.csv,31,17041,17041,1,0.0
305,305_P/features/305_BoVW_openFace_2.1.0_Pose_Gaze_AUs.csv,32,17041,17041,1,0.0
305,305_P/features/305_BoVW_openFace_2.1.0_Pose_Gaze_AUs.csv,33,17041,17041,69,0.0
305,305_P/features/305_BoVW_openFace_2.1.0_Pose_Gaze_AUs.csv,34,17041,17041,122,0.0
305,305_P/features/305_BoVW_openFace_2.1.0_Pose_Gaze_AUs.csv,35,17041,17041,1,0.0
305,305_P/features/305_BoVW_openFace_2.1.0_Pose_Gaze_AUs.csv,36,17041,17041,1,0.0
305,305_P/features/305_BoVW_openFace_2.1.0_Pose_Gaze_AUs.csv,37,17041,17041,1,0.0
305,305_P/features/305_BoVW_openFace_2.1.0_Pose_Gaze_AUs.csv,38,17041,17041,1,0.0
305,305_P/features/305_BoVW_openFace_2.1.0_Pose_Gaze_AUs.csv,39,17041,17041,1,0.0
305,305_P/features/305_BoVW_openFace_2.1.0_Pose_Gaze_AUs.csv,40,17041,17041,4,0.0
305,305_P/features/305_BoVW_openFace_2.1.0_Pose_Gaze_AUs.csv,41,17041,17041,2,0.0
305,305_P/features/305_BoVW_openFace_2.1.0_Pose_Gaze_AUs.csv,42,17041,17041,1,0.0
305,305_P/features/305_BoVW_openFace_2.1.0_Pose_Gaze_AUs.csv,43,17041,17041,1,0.0
305,305_P/features/305_BoVW_openFace_2.1.0_Pose_Gaze_AUs.csv,44,17041,17041,1,0.0
305,305_P/features/305_BoVW_openFace_2.1.0_Pose_Gaze_AUs.csv,45,17041,17041,1,0.0
305,305_P/features/305_BoVW_openFace_2.1.0_Pose_Gaze_AUs.csv,46,17041,17041,122,1.7923917
305,305_P/features/305_BoVW_openFace_2.1.0_Pose_Gaze_AUs.csv,47,17041,17041,1,0.0
305,305_P/features/305_BoVW_openFace_2.1.0_Pose_Gaze_AUs.csv,48,17041,17041,1,0.0
305,305_P/features/305_BoVW_openFace_2.1.0_Pose_Gaze_AUs.csv,49,17041,17041,1,0.0
305,305_P/features/305_BoVW_openFace_2.1.0_Pose_Gaze_AUs.csv,50,17041,17041,74,0.0
305,305_P/features/305_BoVW_openFace_2.1.0_Pose_Gaze_AUs.csv,51,17041,17041,1,0.0
305,305_P/features/305_BoVW_openFace_2.1.0_Pose_Gaze_AUs.csv,52,17041,17041,11,0.0
305,305_P/features/305_BoVW_openFace_2.1.0_Pose_Gaze_AUs.csv,53,17041,17041,1,0.0
305,305_P/features/305_BoVW_openFace_2.1.0_Pose_Gaze_AUs.csv,54,17041,17041,87,0.0
305,305_P/features/305_BoVW_openFace_2.1.0_Pose_Gaze_AUs.csv,55,17041,17041,1,0.0
305,305_P/features/305_BoVW_openFace_2.1.0_Pose_Gaze_AUs.csv,56,17041,17041,1,0.0
305,305_P/features/305_BoVW_openFace_2.1.0_Pose_Gaze_AUs.csv,57,17041,17041,1,0.0
305,305_P/features/305_BoVW_openFace_2.1.0_Pose_Gaze_AUs.csv,58,17041,17041,1,0.0
305,305_P/features/305_BoVW_openFace_2.1.0_Pose_Gaze_AUs.csv,59,17041,17041,1,0.0
305,305_P/features/305_BoVW_openFace_2.1.0_Pose_Gaze_AUs.csv,60,17041,17041,1,0.0
305,305_P/features/305_BoVW_openFace_2.1.0_Pose_Gaze_AUs.csv,61,17041,17041,1,0.0
305,305_P/features/305_BoVW_openFace_2.1.0_Pose_Gaze_AUs.csv,62,17041,17041,1,0.0
305,305_P/features/305_BoVW_openFace_2.1.0_Pose_Gaze_AUs.csv,63,17041,17041,1,0.0
305,305_P/features/305_BoVW_openFace_2.1.0_Pose_Gaze_AUs.csv,64,17041,17041,1,0.0
305,305_P/features/305_BoVW_openFace_2.1.0_Pose_Gaze_AUs.csv,65,17041,17041,1,0.0
305,305_P/features/305_BoVW_openFace_2.1.0_Pose_Gaze_AUs.csv,66,17041,17041,1,0.0
305,305_P/features/305_BoVW_openFace_2.1.0_Pose_Gaze_AUs.csv,67,17041,17041,1,0.0
305,305_P/features/305_BoVW_openFace_2.1.0_Pose_Gaze_AUs.csv,68,17041,17041,1,0.0
305,305_P/features/305_BoVW_openFace_2.1.0_Pose_Gaze_AUs.csv,69,17041,17041,1,0.0
305,305_P/features/305_BoVW_openFace_2.1.0_Pose_Gaze_AUs.csv,70,17041,17041,1,0.0
305,305_P/features/305_BoVW_openFace_2.1.0_Pose_Gaze_AUs.csv,71,17041,17041,70,0.0
305,305_P/features/305_BoVW_openFace_2.1.0_Pose_Gaze_AUs.csv,72,17041,17041,1,0.0
305,305_P/features/305_BoVW_openFace_2.1.0_Pose_Gaze_AUs.csv,73,17041,17041,1,0.0
305,305_P/features/305_BoVW_openFace_2.1.0_Pose_Gaze_AUs.csv,74,17041,17041,5,0.0
305,305_P/features/305_BoVW_openFace_2.1.0_Pose_Gaze_AUs.csv,75,17041,17041,1,0.0
305,305_P/features/305_BoVW_openFace_2.1.0_Pose_Gaze_AUs.csv,76,17041,17041,17,0.0
305,305_P/features/305_BoVW_openFace_2.1.0_Pose_Gaze_AUs.csv,77,17041,17041,55,0.0
305,305_P/features/305_BoVW_openFace_2.1.0_Pose_Gaze_AUs.csv,78,17041,17041,1,0.0
305,305_P/features/305_BoVW_openFace_2.1.0_Pose_Gaze_AUs.csv,79,17041,17041,121,0.0
305,305_P/features/305_BoVW_openFace_2.1.0_Pose_Gaze_AUs.csv,80,17041,17041,1,0.0
305,305_P/features/305_BoVW_openFace_2.1.0_Pose_Gaze_AUs.csv,81,17041,17041,13,0.0
305,305_P/features/305_BoVW_openFace_2.1.0_Pose_Gaze_AUs.csv,82,17041,17041,1,0.0
305,305_P/features/305_BoVW_openFace_2.1.0_Pose_Gaze_AUs.csv,83,17041,17041,1,0.0
305,305_P/features/305_BoVW_openFace_2.1.0_Pose_Gaze_AUs.csv,84,17041,17041,1,0.0
305,305_P/features/305_BoVW_openFace_2.1.0_Pose_Gaze_AUs.csv,85,17041,17041,1,0.0
305,305_P/features/305_BoVW_openFace_2.1.0_Pose_Gaze_AUs.csv,86,17041,17041,1,0.0
305,305_P/features/305_BoVW_openFace_2.1.0_Pose_Gaze_AUs.csv,87,17041,17041,1,0.0
305,305_P/features/305_BoVW_openFace_2.1.0_Pose_Gaze_AUs.csv,88,17041,17041,1,0.0
305,305_P/features/305_BoVW_openFace_2.1.0_Pose_Gaze_AUs.csv,89,17041,17041,34,0.0
305,305_P/features/305_BoVW_openFace_2.1.0_Pose_Gaze_AUs.csv,90,17041,17041,33,0.0
305,305_P/features/305_BoVW_openFace_2.1.0_Pose_Gaze_AUs.csv,91,17041,17041,1,0.0
305,305_P/features/305_BoVW_openFace_2.1.0_Pose_Gaze_AUs.csv,92,17041,17041,1,0.0
305,305_P/features/305_BoVW_openFace_2.1.0_Pose_Gaze_AUs.csv,93,17041,17041,1,0.0
305,305_P/features/305_BoVW_openFace_2.1.0_Pose_Gaze_AUs.csv,94,17041,17041,2,0.0
305,305_P/features/305_BoVW_openFace_2.1.0_Pose_Gaze_AUs.csv,95,17041,17041,1,0.0
305,305_P/features/305_BoVW_openFace_2.1.0_Pose_Gaze_AUs.csv,96,17041,17041,1,0.0
305,305_P/features/305_BoVW_openFace_2.1.0_Pose_Gaze_AUs.csv,97,17041,17041,17,0.0
305,305_P/features/305_BoVW_openFace_2.1.0_Pose_Gaze_AUs.csv,98,17041,17041,115,0.0
305,305_P/features/305_BoVW_openFace_2.1.0_Pose_Gaze_AUs.csv,99,17041,17041,8,0.0
305,305_P/features/305_BoVW_openFace_2.1.0_Pose_Gaze_AUs.csv,100,17041,17041,3,0.0
305,305_P/features/305_BoVW_openFace_2.1.0_Pose_Gaze_AUs.csv,101,17041,17041,1,0.0
306,306_P/features/306_BoVW_openFace_2.1.0_Pose_Gaze_AUs.csv,0,8582,0,1,'306_OpenFace2.1.0_Pose_gaze_AUs.csv'
306,306_P/features/306_BoVW_openFace_2.1.0_Pose_Gaze_AUs.csv,1,8582,8582,8582,0.0
306,306_P/features/306_BoVW_openFace_2.1.0_Pose_Gaze_AUs.csv,2,8582,8582,1,0.0
306,306_P/features/306_BoVW_openFace_2.1.0_Pose_Gaze_AUs.csv,3,8582,8582,1,0.0
306,306_P/features/306_BoVW_openFace_2.1.0_Pose_Gaze_AUs.csv,4,8582,8582,1,0.0
306,306_P/features/306_BoVW_openFace_2.1.0_Pose_Gaze_AUs.csv,5,8582,8582,1,0.0
306,306_P/features/306_BoVW_openFace_2.1.0_Pose_Gaze_AUs.csv,6,8582,8582,1,0.0
306,306_P/features/306_BoVW_openFace_2.1.0_Pose_Gaze_AUs.csv,7,8582,8582,1,0.0
306,306_P/features/306_BoVW_openFace_2.1.0_Pose_Gaze_AUs.csv,8,8582,8582,1,0.0
306,306_P/features/306_BoVW_openFace_2.1.0_Pose_Gaze_AUs.csv,9,8582,8582,1,0.0
306,306_P/features/306_BoVW_openFace_2.1.0_Pose_Gaze_AUs.csv,10,8582,8582,46,0.0
306,306_P/features/306_BoVW_openFace_2.1.0_Pose_Gaze_AUs.csv,11,8582,8582,1,0.0
306,306_P/features/306_BoVW_openFace_2.1.0_Pose_Gaze_AUs.csv,12,8582,8582,1,0.0
306,306_P/features/306_BoVW_openFace_2.1.0_Pose_Gaze_AUs.csv,13,8582,8582,1,0.0
306,306_P/features/306_BoVW_openFace_2.1.0_Pose_Gaze_AUs.csv,14,8582,8582,1,0.0
306,306_P/features/306_BoVW_openFace_2.1.0_Pose_Gaze_AUs.csv,15,8582,8582,1,0.0
306,306_P/features/306_BoVW_openFace_2.1.0_Pose_Gaze_AUs.csv,16,8582,8582,1,0.0
306,306_P/features/306_BoVW_openFace_2.1.0_Pose_Gaze_AUs.csv,17,8582,8582,1,0.0
306,306_P/features/306_BoVW_openFace_2.1.0_Pose_Gaze_AUs.csv,18,8582,8582,1,0.0
306,306_P/features/306_BoVW_openFace_2.1.0_Pose_Gaze_AUs.csv,19,8582,8582,1,0.0
306,306_P/features/306_BoVW_openFace_2.1.0_Pose_Gaze_AUs.csv,20,8582,8582,1,0.0
306,306_P/features/306_BoVW_openFace_2.1.0_Pose_Gaze_AUs.csv,21,8582,8582,1,0.0
306,306_P/features/306_BoVW_openFace_2.1.0_Pose_Gaze_AUs.csv,22,8582,8582,6,0.0
306,306_P/features/306_BoVW_openFace_2.1.0_Pose_Gaze_AUs.csv,23,8582,8582,1,0.0
306,306_P/features/306_BoVW_openFace_2.1.0_Pose_Gaze_AUs.csv,24,8582,8582,1,0.0
306,306_P/features/306_BoVW_openFace_2.1.0_Pose_Gaze_AUs.csv,25,8582,8582,1,0.0
306,306_P/features/306_BoVW_openFace_2.1.0_Pose_Gaze_AUs.csv,26,8582,8582,1,0.0
306,306_P/features/306_BoVW_openFace_2.1.0_Pose_Gaze_AUs.csv,27,8582,8582,1,0.0
306,306_P/features/306_BoVW_openFace_2.1.0_Pose_Gaze_AUs.csv,28,8582,8582,1,0.0
306,306_P/features/306_BoVW_openFace_2.1.0_Pose_Gaze_AUs.csv,29,8582,8582,1,0.0
306,306_P/features/306_BoVW_openFace_2.1.0_Pose_Gaze_AUs.csv,30,8582,8582,1,0.0
306,306_P/features/306_BoVW_openFace_2.1.0_Pose_Gaze_AUs.csv,31,8582,8582,1,0.0
306,306_P/features/306_BoVW_openFace_2.1.0_Pose_Gaze_AUs.csv,32,8582,8582,1,0.0
306,306_P/features/306_BoVW_openFace_2.1.0_Pose_Gaze_AUs.csv,33,8582,8582,1,0.0
306,306_P/features/306_BoVW_openFace_2.1.0_Pose_Gaze_AUs.csv,34,8582,8582,121,1.0
306,306_P/features/306_BoVW_openFace_2.1.0_Pose_Gaze_AUs.csv,35,8582,8582,1,0.0
306,306_P/features/306_BoVW_openFace_2.1.0_Pose_Gaze_AUs.csv,36,8582,8582,1,0.0
306,306_P/features/306_BoVW_openFace_2.1.0_Pose_Gaze_AUs.csv,37,8582,8582,1,0.0
306,306_P/features/306_BoVW_openFace_2.1.0_Pose_Gaze_AUs.csv,38,8582,8582,1,0.0
306,306_P/features/306_BoVW_openFace_2.1.0_Pose_Gaze_AUs.csv,39,8582,8582,1,0.0
306,306_P/features/306_BoVW_openFace_2.1.0_Pose_Gaze_AUs.csv,40,8582,8582,1,0.0
306,306_P/features/306_BoVW_openFace_2.1.0_Pose_Gaze_AUs.csv,41,8582,8582,1,0.0
306,306_P/features/306_BoVW_openFace_2.1.0_Pose_Gaze_AUs.csv,42,8582,8582,1,0.0
306,306_P/features/306_BoVW_openFace_2.1.0_Pose_Gaze_AUs.csv,43,8582,8582,1,0.0
306,306_P/features/306_BoVW_openFace_2.1.0_Pose_Gaze_AUs.csv,44,8582,8582,1,0.0
306,306_P/features/306_BoVW_openFace_2.1.0_Pose_Gaze_AUs.csv,45,8582,8582,1,0.0
306,306_P/features/306_BoVW_openFace_2.1.0_Pose_Gaze_AUs.csv,46,8582,8582,93,0.0
306,306_P/features/306_BoVW_openFace_2.1.0_Pose_Gaze_AUs.csv,47,8582,8582,1,0.0
306,306_P/features/306_BoVW_openFace_2.1.0_Pose_Gaze_AUs.csv,48,8582,8582,1,0.0
306,306_P/features/306_BoVW_openFace_2.1.0_Pose_Gaze_AUs.csv,49,8582,8582,1,0.0
306,306_P/features/306_BoVW_openFace_2.1.0_Pose_Gaze_AUs.csv,50,8582,8582,2,0.0
306,306_P/features/306_BoVW_openFace_2.1.0_Pose_Gaze_AUs.csv,51,8582,8582,1,0.0
306,306_P/features/306_BoVW_openFace_2.1.0_Pose_Gaze_AUs.csv,52,8582,8582,120,1.6627579
306,306_P/features/306_BoVW_openFace_2.1.0_Pose_Gaze_AUs.csv,53,8582,8582,1,0.0
306,306_P/features/306_BoVW_openFace_2.1.0_Pose_Gaze_AUs.csv,54,8582,8582,1,0.0
306,306_P/features/306_BoVW_openFace_2.1.0_Pose_Gaze_AUs.csv,55,8582,8582,1,0.0
306,306_P/features/306_BoVW_openFace_2.1.0_Pose_Gaze_AUs.csv,56,8582,8582,1,0.0
306,306_P/features/306_BoVW_openFace_2.1.0_Pose_Gaze_AUs.csv,57,8582,8582,1,0.0
306,306_P/features/306_BoVW_openFace_2.1.0_Pose_Gaze_AUs.csv,58,8582,8582,1,0.0
306,306_P/features/306_BoVW_openFace_2.1.0_Pose_Gaze_AUs.csv,59,8582,8582,1,0.0
306,306_P/features/306_BoVW_openFace_2.1.0_Pose_Gaze_AUs.csv,60,8582,8582,1,0.0
306,306_P/features/306_BoVW_openFace_2.1.0_Pose_Gaze_AUs.csv,61,8582,8582,1,0.0
306,306_P/features/306_BoVW_openFace_2.1.0_Pose_Gaze_AUs.csv,62,8582,8582,1,0.0
306,306_P/features/306_BoVW_openFace_2.1.0_Pose_Gaze_AUs.csv,63,8582,8582,1,0.0
306,306_P/features/306_BoVW_openFace_2.1.0_Pose_Gaze_AUs.csv,64,8582,8582,1,0.0
306,306_P/features/306_BoVW_openFace_2.1.0_Pose_Gaze_AUs.csv,65,8582,8582,1,0.0
306,306_P/features/306_BoVW_openFace_2.1.0_Pose_Gaze_AUs.csv,66,8582,8582,1,0.0
306,306_P/features/306_BoVW_openFace_2.1.0_Pose_Gaze_AUs.csv,67,8582,8582,1,0.0
306,306_P/features/306_BoVW_openFace_2.1.0_Pose_Gaze_AUs.csv,68,8582,8582,1,0.0
306,306_P/features/306_BoVW_openFace_2.1.0_Pose_Gaze_AUs.csv,69,8582,8582,1,0.0
306,306_P/features/306_BoVW_openFace_2.1.0_Pose_Gaze_AUs.csv,70,8582,8582,1,0.0
306,306_P/features/306_BoVW_openFace_2.1.0_Pose_Gaze_AUs.csv,71,8582,8582,8,0.0
306,306_P/features/306_BoVW_openFace_2.1.0_Pose_Gaze_AUs.csv,72,8582,8582,1,0.0
306,306_P/features/306_BoVW_openFace_2.1.0_Pose_Gaze_AUs.csv,73,8582,8582,1,0.0
306,306_P/features/306_BoVW_openFace_2.1.0_Pose_Gaze_AUs.csv,74,8582,8582,1,0.0
306,306_P/features/306_BoVW_openFace_2.1.0_Pose_Gaze_AUs.csv,75,8582,8582,1,0.0
306,306_P/features/306_BoVW_openFace_2.1.0_Pose_Gaze_AUs.csv,76,8582,8582,1,0.0
306,306_P/features/306_BoVW_openFace_2.1.0_Pose_Gaze_AUs.csv,77,8582,8582,7,0.90309
306,306_P/features/306_BoVW_openFace_2.1.0_Pose_Gaze_AUs.csv,78,8582,8582,1,0.0
306,306_P/features/306_BoVW_openFace_2.1.0_Pose_Gaze_AUs.csv,79,8582,8582,1,0.0
306,306_P/features/306_BoVW_openFace_2.1.0_Pose_Gaze_AUs.csv,80,8582,8582,1,0.0
306,306_P/features/306_BoVW_openFace_2.1.0_Pose_Gaze_AUs.csv,81,8582,8582,1,0.0
306,306_P/features/306_BoVW_openFace_2.1.0_Pose_Gaze_AUs.csv,82,8582,8582,1,0.0
306,306_P/features/306_BoVW_openFace_2.1.0_Pose_Gaze_AUs.csv,83,8582,8582,1,0.0
306,306_P/features/306_BoVW_openFace_2.1.0_Pose_Gaze_AUs.csv,84,8582,8582,4,0.0
306,306_P/features/306_BoVW_openFace_2.1.0_Pose_Gaze_AUs.csv,85,8582,8582,1,0.0
306,306_P/features/306_BoVW_openFace_2.1.0_Pose_Gaze_AUs.csv,86,8582,8582,1,0.0
306,306_P/features/306_BoVW_openFace_2.1.0_Pose_Gaze_AUs.csv,87,8582,8582,1,0.0
306,306_P/features/306_BoVW_openFace_2.1.0_Pose_Gaze_AUs.csv,88,8582,8582,1,0.0
306,306_P/features/306_BoVW_openFace_2.1.0_Pose_Gaze_AUs.csv,89,8582,8582,19,0.0
306,306_P/features/306_BoVW_openFace_2.1.0_Pose_Gaze_AUs.csv,90,8582,8582,1,0.0
306,306_P/features/306_BoVW_openFace_2.1.0_Pose_Gaze_AUs.csv,91,8582,8582,1,0.0
306,306_P/features/306_BoVW_openFace_2.1.0_Pose_Gaze_AUs.csv,92,8582,8582,1,0.0
306,306_P/features/306_BoVW_openFace_2.1.0_Pose_Gaze_AUs.csv,93,8582,8582,1,0.0
306,306_P/features/306_BoVW_openFace_2.1.0_Pose_Gaze_AUs.csv,94,8582,8582,1,0.0
306,306_P/features/306_BoVW_openFace_2.1.0_Pose_Gaze_AUs.csv,95,8582,8582,1,0.0
306,306_P/features/306_BoVW_openFace_2.1.0_Pose_Gaze_AUs.csv,96,8582,8582,1,0.0
306,306_P/features/306_BoVW_openFace_2.1.0_Pose_Gaze_AUs.csv,97,8582,8582,1,0.0
306,306_P/features/306_BoVW_openFace_2.1.0_Pose_Gaze_AUs.csv,98,8582,8582,1,0.0
306,306_P/features/306_BoVW_openFace_2.1.0_Pose_Gaze_AUs.csv,99,8582,8582,1,0.0
306,306_P/features/306_BoVW_openFace_2.1.0_Pose_Gaze_AUs.csv,100,8582,8582,1,0.0
306,306_P/features/306_BoVW_openFace_2.1.0_Pose_Gaze_AUs.csv,101,8582,8582,1,0.0
307,307_P/features/307_BoVW_openFace_2.1.0_Pose_Gaze_AUs.csv,0,12389,0,1,'307_OpenFace2.1.0_Pose_gaze_AUs.csv'
307,307_P/features/307_BoVW_openFace_2.1.0_Pose_Gaze_AUs.csv,1,12389,12389,12389,0.0
307,307_P/features/307_BoVW_openFace_2.1.0_Pose_Gaze_AUs.csv,2,12389,12389,1,0.0
307,307_P/features/307_BoVW_openFace_2.1.0_Pose_Gaze_AUs.csv,3,12389,12389,1,0.0
307,307_P/features/307_BoVW_openFace_2.1.0_Pose_Gaze_AUs.csv,4,12389,12389,1,0.0
307,307_P/features/307_BoVW_openFace_2.1.0_Pose_Gaze_AUs.csv,5,12389,12389,1,0.0
307,307_P/features/307_BoVW_openFace_2.1.0_Pose_Gaze_AUs.csv,6,12389,12389,1,0.0
307,307_P/features/307_BoVW_openFace_2.1.0_Pose_Gaze_AUs.csv,7,12389,12389,1,0.0
307,307_P/features/307_BoVW_openFace_2.1.0_Pose_Gaze_AUs.csv,8,12389,12389,1,0.0
307,307_P/features/307_BoVW_openFace_2.1.0_Pose_Gaze_AUs.csv,9,12389,12389,2,0.0
307,307_P/features/307_BoVW_openFace_2.1.0_Pose_Gaze_AUs.csv,10,12389,12389,10,0.0
307,307_P/features/307_BoVW_openFace_2.1.0_Pose_Gaze_AUs.csv,11,12389,12389,1,0.0
307,307_P/features/307_BoVW_openFace_2.1.0_Pose_Gaze_AUs.csv,12,12389,12389,1,0.0
307,307_P/features/307_BoVW_openFace_2.1.0_Pose_Gaze_AUs.csv,13,12389,12389,1,0.0
307,307_P/features/307_BoVW_openFace_2.1.0_Pose_Gaze_AUs.csv,14,12389,12389,1,0.0
307,307_P/features/307_BoVW_openFace_2.1.0_Pose_Gaze_AUs.csv,15,12389,12389,1,0.0
307,307_P/features/307_BoVW_openFace_2.1.0_Pose_Gaze_AUs.csv,16,12389,12389,1,0.0
307,307_P/features/307_BoVW_openFace_2.1.0_Pose_Gaze_AUs.csv,17,12389,12389,1,0.0
307,307_P/features/307_BoVW_openFace_2.1.0_Pose_Gaze_AUs.csv,18,12389,12389,8,0.0
307,307_P/features/307_BoVW_openFace_2.1.0_Pose_Gaze_AUs.csv,19,12389,12389,1,0.0
307,307_P/features/307_BoVW_openFace_2.1.0_Pose_Gaze_AUs.csv,20,12389,12389,1,0.0
307,307_P/features/307_BoVW_openFace_2.1.0_Pose_Gaze_AUs.csv,21,12389,12389,1,0.0
307,307_P/features/307_BoVW_openFace_2.1.0_Pose_Gaze_AUs.csv,22,12389,12389,8,0.0
307,307_P/features/307_BoVW_openFace_2.1.0_Pose_Gaze_AUs.csv,23,12389,12389,1,0.0
307,307_P/features/307_BoVW_openFace_2.1.0_Pose_Gaze_AUs.csv,24,12389,12389,1,0.0
307,307_P/features/307_BoVW_openFace_2.1.0_Pose_Gaze_AUs.csv,25,12389,12389,1,0.0
307,307_P/features/307_BoVW_openFace_2.1.0_Pose_Gaze_AUs.csv,26,12389,12389,4,0.0
307,307_P/features/307_BoVW_openFace_2.1.0_Pose_Gaze_AUs.csv,27,12389,12389,1,0.0
307,307_P/features/307_BoVW_openFace_2.1.0_Pose_Gaze_AUs.csv,28,12389,12389,1,0.0
307,307_P/features/307_BoVW_openFace_2.1.0_Pose_Gaze_AUs.csv,29,12389,12389,1,0.0
307,307_P/features/307_BoVW_openFace_2.1.0_Pose_Gaze_AUs.csv,30,12389,12389,1,0.0
307,307_P/features/307_BoVW_openFace_2.1.0_Pose_Gaze_AUs.csv,31,12389,12389,1,0.0
307,307_P/features/307_BoVW_openFace_2.1.0_Pose_Gaze_AUs.csv,32,12389,12389,1,0.0
307,307_P/features/307_BoVW_openFace_2.1.0_Pose_Gaze_AUs.csv,33,12389,12389,1,0.0
307,307_P/features/307_BoVW_openFace_2.1.0_Pose_Gaze_AUs.csv,34,12389,12389,122,1.3802112
307,307_P/features/307_BoVW_openFace_2.1.0_Pose_Gaze_AUs.csv,35,12389,12389,1,0.0
307,307_P/features/307_BoVW_openFace_2.1.0_Pose_Gaze_AUs.csv,36,12389,12389,1,0.0
307,307_P/features/307_BoVW_openFace_2.1.0_Pose_Gaze_AUs.csv,37,12389,12389,1,0.0
307,307_P/features/307_BoVW_openFace_2.1.0_Pose_Gaze_AUs.csv,38,12389,12389,1,0.0
307,307_P/features/307_BoVW_openFace_2.1.0_Pose_Gaze_AUs.csv,39,12389,12389,1,0.0
307,307_P/features/307_BoVW_openFace_2.1.0_Pose_Gaze_AUs.csv,40,12389,12389,1,0.0
307,307_P/features/307_BoVW_openFace_2.1.0_Pose_Gaze_AUs.csv,41,12389,12389,1,0.0
307,307_P/features/307_BoVW_openFace_2.1.0_Pose_Gaze_AUs.csv,42,12389,12389,1,0.0
307,307_P/features/307_BoVW_openFace_2.1.0_Pose_Gaze_AUs.csv,43,12389,12389,1,0.0
307,307_P/features/307_BoVW_openFace_2.1.0_Pose_Gaze_AUs.csv,44,12389,12389,1,0.0
307,307_P/features/307_BoVW_openFace_2.1.0_Pose_Gaze_AUs.csv,45,12389,12389,1,0.0
307,307_P/features/307_BoVW_openFace_2.1.0_Pose_Gaze_AUs.csv,46,12389,12389,121,0.0
307,307_P/features/307_BoVW_openFace_2.1.0_Pose_Gaze_AUs.csv,47,12389,12389,1,0.0
307,307_P/features/307_BoVW_openFace_2.1.0_Pose_Gaze_AUs.csv,48,12389,12389,1,0.0
307,307_P/features/307_BoVW_openFace_2.1.0_Pose_Gaze_AUs.csv,49,12389,12389,1,0.0
307,307_P/features/307_BoVW_openFace_2.1.0_Pose_Gaze_AUs.csv,50,12389,12389,1,0.0
307,307_P/features/307_BoVW_openFace_2.1.0_Pose_Gaze_AUs.csv,51,12389,12389,1,0.0
307,307_P/features/307_BoVW_openFace_2.1.0_Pose_Gaze_AUs.csv,52,12389,12389,69,0.9542425
307,307_P/features/307_BoVW_openFace_2.1.0_Pose_Gaze_AUs.csv,53,12389,12389,1,0.0
307,307_P/features/307_BoVW_openFace_2.1.0_Pose_Gaze_AUs.csv,54,12389,12389,19,0.0
307,307_P/features/307_BoVW_openFace_2.1.0_Pose_Gaze_AUs.csv,55,12389,12389,1,0.0
307,307_P/features/307_BoVW_openFace_2.1.0_Pose_Gaze_AUs.csv,56,12389,12389,1,0.0
307,307_P/features/307_BoVW_openFace_2.1.0_Pose_Gaze_AUs.csv,57,12389,12389,1,0.0
307,307_P/features/307_BoVW_openFace_2.1.0_Pose_Gaze_AUs.csv,58,12389,12389,5,0.0
307,307_P/features/307_BoVW_openFace_2.1.0_Pose_Gaze_AUs.csv,59,12389,12389,1,0.0
307,307_P/features/307_BoVW_openFace_2.1.0_Pose_Gaze_AUs.csv,60,12389,12389,1,0.0
307,307_P/features/307_BoVW_openFace_2.1.0_Pose_Gaze_AUs.csv,61,12389,12389,1,0.0
307,307_P/features/307_BoVW_openFace_2.1.0_Pose_Gaze_AUs.csv,62,12389,12389,1,0.0
307,307_P/features/307_BoVW_openFace_2.1.0_Pose_Gaze_AUs.csv,63,12389,12389,1,0.0
307,307_P/features/307_BoVW_openFace_2.1.0_Pose_Gaze_AUs.csv,64,12389,12389,1,0.0
307,307_P/features/307_BoVW_openFace_2.1.0_Pose_Gaze_AUs.csv,65,12389,12389,11,0.0
307,307_P/features/307_BoVW_openFace_2.1.0_Pose_Gaze_AUs.csv,66,12389,12389,1,0.0
307,307_P/features/307_BoVW_openFace_2.1.0_Pose_Gaze_AUs.csv,67,12389,12389,1,0.0
307,307_P/features/307_BoVW_openFace_2.1.0_Pose_Gaze_AUs.csv,68,12389,12389,1,0.0
307,307_P/features/307_BoVW_openFace_2.1.0_Pose_Gaze_AUs.csv,69,12389,12389,1,0.0
307,307_P/features/307_BoVW_openFace_2.1.0_Pose_Gaze_AUs.csv,70,12389,12389,1,0.0
307,307_P/features/307_BoVW_openFace_2.1.0_Pose_Gaze_AUs.csv,71,12389,12389,31,1.4771212
307,307_P/features/307_BoVW_openFace_2.1.0_Pose_Gaze_AUs.csv,72,12389,12389,1,0.0
307,307_P/features/307_BoVW_openFace_2.1.0_Pose_Gaze_AUs.csv,73,12389,12389,5,0.0
307,307_P/features/307_BoVW_openFace_2.1.0_Pose_Gaze_AUs.csv,74,12389,12389,1,0.0
307,307_P/features/307_BoVW_openFace_2.1.0_Pose_Gaze_AUs.csv,75,12389,12389,1,0.0
307,307_P/features/307_BoVW_openFace_2.1.0_Pose_Gaze_AUs.csv,76,12389,12389,1,0.0
307,307_P/features/307_BoVW_openFace_2.1.0_Pose_Gaze_AUs.csv,77,12389,12389,20,0.30103
307,307_P/features/307_BoVW_openFace_2.1.0_Pose_Gaze_AUs.csv,78,12389,12389,1,0.0
307,307_P/features/307_BoVW_openFace_2.1.0_Pose_Gaze_AUs.csv,79,12389,12389,1,0.0
307,307_P/features/307_BoVW_openFace_2.1.0_Pose_Gaze_AUs.csv,80,12389,12389,1,0.0
307,307_P/features/307_BoVW_openFace_2.1.0_Pose_Gaze_AUs.csv,81,12389,12389,5,0.0
307,307_P/features/307_BoVW_openFace_2.1.0_Pose_Gaze_AUs.csv,82,12389,12389,1,0.0
307,307_P/features/307_BoVW_openFace_2.1.0_Pose_Gaze_AUs.csv,83,12389,12389,1,0.0
307,307_P/features/307_BoVW_openFace_2.1.0_Pose_Gaze_AUs.csv,84,12389,12389,1,0.0
307,307_P/features/307_BoVW_openFace_2.1.0_Pose_Gaze_AUs.csv,85,12389,12389,1,0.0
307,307_P/features/307_BoVW_openFace_2.1.0_Pose_Gaze_AUs.csv,86,12389,12389,1,0.0
307,307_P/features/307_BoVW_openFace_2.1.0_Pose_Gaze_AUs.csv,87,12389,12389,1,0.0
307,307_P/features/307_BoVW_openFace_2.1.0_Pose_Gaze_AUs.csv,88,12389,12389,5,0.0
307,307_P/features/307_BoVW_openFace_2.1.0_Pose_Gaze_AUs.csv,89,12389,12389,50,0.0
307,307_P/features/307_BoVW_openFace_2.1.0_Pose_Gaze_AUs.csv,90,12389,12389,18,0.0
307,307_P/features/307_BoVW_openFace_2.1.0_Pose_Gaze_AUs.csv,91,12389,12389,1,0.0
307,307_P/features/307_BoVW_openFace_2.1.0_Pose_Gaze_AUs.csv,92,12389,12389,1,0.0
307,307_P/features/307_BoVW_openFace_2.1.0_Pose_Gaze_AUs.csv,93,12389,12389,1,0.0
307,307_P/features/307_BoVW_openFace_2.1.0_Pose_Gaze_AUs.csv,94,12389,12389,1,0.0
307,307_P/features/307_BoVW_openFace_2.1.0_Pose_Gaze_AUs.csv,95,12389,12389,1,0.0
307,307_P/features/307_BoVW_openFace_2.1.0_Pose_Gaze_AUs.csv,96,12389,12389,1,0.0
307,307_P/features/307_BoVW_openFace_2.1.0_Pose_Gaze_AUs.csv,97,12389,12389,1,0.0
307,307_P/features/307_BoVW_openFace_2.1.0_Pose_Gaze_AUs.csv,98,12389,12389,5,0.0
307,307_P/features/307_BoVW_openFace_2.1.0_Pose_Gaze_AUs.csv,99,12389,12389,1,0.0
307,307_P/features/307_BoVW_openFace_2.1.0_Pose_Gaze_AUs.csv,100,12389,12389,1,0.0
307,307_P/features/307_BoVW_openFace_2.1.0_Pose_Gaze_AUs.csv,101,12389,12389,9,0.0
308,308_P/features/308_BoVW_openFace_2.1.0_Pose_Gaze_AUs.csv,0,8677,0,1,'308_OpenFace2.1.0_Pose_gaze_AUs.csv'
308,308_P/features/308_BoVW_openFace_2.1.0_Pose_Gaze_AUs.csv,1,8677,8677,8677,0.0
308,308_P/features/308_BoVW_openFace_2.1.0_Pose_Gaze_AUs.csv,2,8677,8677,1,0.0
308,308_P/features/308_BoVW_openFace_2.1.0_Pose_Gaze_AUs.csv,3,8677,8677,5,1.1139433
308,308_P/features/308_BoVW_openFace_2.1.0_Pose_Gaze_AUs.csv,4,8677,8677,1,0.0
308,308_P/features/308_BoVW_openFace_2.1.0_Pose_Gaze_AUs.csv,5,8677,8677,1,0.0
308,308_P/features/308_BoVW_openFace_2.1.0_Pose_Gaze_AUs.csv,6,8677,8677,1,0.0
308,308_P/features/308_BoVW_openFace_2.1.0_Pose_Gaze_AUs.csv,7,8677,8677,1,0.0
308,308_P/features/308_BoVW_openFace_2.1.0_Pose_Gaze_AUs.csv,8,8677,8677,1,0.0
308,308_P/features/308_BoVW_openFace_2.1.0_Pose_Gaze_AUs.csv,9,8677,8677,1,0.0
308,308_P/features/308_BoVW_openFace_2.1.0_Pose_Gaze_AUs.csv,10,8677,8677,60,0.0
308,308_P/features/308_BoVW_openFace_2.1.0_Pose_Gaze_AUs.csv,11,8677,8677,1,0.0
308,308_P/features/308_BoVW_openFace_2.1.0_Pose_Gaze_AUs.csv,12,8677,8677,1,0.0
308,308_P/features/308_BoVW_openFace_2.1.0_Pose_Gaze_AUs.csv,13,8677,8677,1,0.0
308,308_P/features/308_BoVW_openFace_2.1.0_Pose_Gaze_AUs.csv,14,8677,8677,1,0.0
308,308_P/features/308_BoVW_openFace_2.1.0_Pose_Gaze_AUs.csv,15,8677,8677,1,0.0
308,308_P/features/308_BoVW_openFace_2.1.0_Pose_Gaze_AUs.csv,16,8677,8677,1,0.0
308,308_P/features/308_BoVW_openFace_2.1.0_Pose_Gaze_AUs.csv,17,8677,8677,1,0.0
308,308_P/features/308_BoVW_openFace_2.1.0_Pose_Gaze_AUs.csv,18,8677,8677,1,0.0
308,308_P/features/308_BoVW_openFace_2.1.0_Pose_Gaze_AUs.csv,19,8677,8677,1,0.0
308,308_P/features/308_BoVW_openFace_2.1.0_Pose_Gaze_AUs.csv,20,8677,8677,1,0.0
308,308_P/features/308_BoVW_openFace_2.1.0_Pose_Gaze_AUs.csv,21,8677,8677,1,0.0
308,308_P/features/308_BoVW_openFace_2.1.0_Pose_Gaze_AUs.csv,22,8677,8677,7,0.0
308,308_P/features/308_BoVW_openFace_2.1.0_Pose_Gaze_AUs.csv,23,8677,8677,1,0.0
308,308_P/features/308_BoVW_openFace_2.1.0_Pose_Gaze_AUs.csv,24,8677,8677,1,0.0
308,308_P/features/308_BoVW_openFace_2.1.0_Pose_Gaze_AUs.csv,25,8677,8677,1,0.0
308,308_P/features/308_BoVW_openFace_2.1.0_Pose_Gaze_AUs.csv,26,8677,8677,1,0.0
308,308_P/features/308_BoVW_openFace_2.1.0_Pose_Gaze_AUs.csv,27,8677,8677,1,0.0
308,308_P/features/308_BoVW_openFace_2.1.0_Pose_Gaze_AUs.csv,28,8677,8677,1,0.0
308,308_P/features/308_BoVW_openFace_2.1.0_Pose_Gaze_AUs.csv,29,8677,8677,1,0.0
308,308_P/features/308_BoVW_openFace_2.1.0_Pose_Gaze_AUs.csv,30,8677,8677,1,0.0
308,308_P/features/308_BoVW_openFace_2.1.0_Pose_Gaze_AUs.csv,31,8677,8677,1,0.0
308,308_P/features/308_BoVW_openFace_2.1.0_Pose_Gaze_AUs.csv,32,8677,8677,1,0.0
308,308_P/features/308_BoVW_openFace_2.1.0_Pose_Gaze_AUs.csv,33,8677,8677,1,0.0
308,308_P/features/308_BoVW_openFace_2.1.0_Pose_Gaze_AUs.csv,34,8677,8677,122,1.69897
308,308_P/features/308_BoVW_openFace_2.1.0_Pose_Gaze_AUs.csv,35,8677,8677,1,0.0
308,308_P/features/308_BoVW_openFace_2.1.0_Pose_Gaze_AUs.csv,36,8677,8677,1,0.0
308,308_P/features/308_BoVW_openFace_2.1.0_Pose_Gaze_AUs.csv,37,8677,8677,1,0.0
308,308_P/features/308_BoVW_openFace_2.1.0_Pose_Gaze_AUs.csv,38,8677,8677,1,0.0
308,308_P/features/308_BoVW_openFace_2.1.0_Pose_Gaze_AUs.csv,39,8677,8677,1,0.0
308,308_P/features/308_BoVW_openFace_2.1.0_Pose_Gaze_AUs.csv,40,8677,8677,1,0.0
308,308_P/features/308_BoVW_openFace_2.1.0_Pose_Gaze_AUs.csv,41,8677,8677,4,0.0
308,308_P/features/308_BoVW_openFace_2.1.0_Pose_Gaze_AUs.csv,42,8677,8677,1,0.0
308,308_P/features/308_BoVW_openFace_2.1.0_Pose_Gaze_AUs.csv,43,8677,8677,1,0.0
308,308_P/features/308_BoVW_openFace_2.1.0_Pose_Gaze_AUs.csv,44,8677,8677,1,0.0
308,308_P/features/308_BoVW_openFace_2.1.0_Pose_Gaze_AUs.csv,45,8677,8677,1,0.0
308,308_P/features/308_BoVW_openFace_2.1.0_Pose_Gaze_AUs.csv,46,8677,8677,122,0.0
308,308_P/features/308_BoVW_openFace_2.1.0_Pose_Gaze_AUs.csv,47,8677,8677,1,0.0
308,308_P/features/308_BoVW_openFace_2.1.0_Pose_Gaze_AUs.csv,48,8677,8677,1,0.0
308,308_P/features/308_BoVW_openFace_2.1.0_Pose_Gaze_AUs.csv,49,8677,8677,1,0.0
308,308_P/features/308_BoVW_openFace_2.1.0_Pose_Gaze_AUs.csv,50,8677,8677,30,0.0
308,308_P/features/308_BoVW_openFace_2.1.0_Pose_Gaze_AUs.csv,51,8677,8677,1,0.0
308,308_P/features/308_BoVW_openFace_2.1.0_Pose_Gaze_AUs.csv,52,8677,8677,101,0.0
308,308_P/features/308_BoVW_openFace_2.1.0_Pose_Gaze_AUs.csv,53,8677,8677,1,0.0
308,308_P/features/308_BoVW_openFace_2.1.0_Pose_Gaze_AUs.csv,54,8677,8677,1,0.0
308,308_P/features/308_BoVW_openFace_2.1.0_Pose_Gaze_AUs.csv,55,8677,8677,1,0.0
308,308_P/features/308_BoVW_openFace_2.1.0_Pose_Gaze_AUs.csv,56,8677,8677,1,0.0
308,308_P/features/308_BoVW_openFace_2.1.0_Pose_Gaze_AUs.csv,57,8677,8677,1,0.0
308,308_P/features/308_BoVW_openFace_2.1.0_Pose_Gaze_AUs.csv,58,8677,8677,7,0.0
308,308_P/features/308_BoVW_openFace_2.1.0_Pose_Gaze_AUs.csv,59,8677,8677,1,0.0
308,308_P/features/308_BoVW_openFace_2.1.0_Pose_Gaze_AUs.csv,60,8677,8677,1,0.0
308,308_P/features/308_BoVW_openFace_2.1.0_Pose_Gaze_AUs.csv,61,8677,8677,1,0.0
308,308_P/features/308_BoVW_openFace_2.1.0_Pose_Gaze_AUs.csv,62,8677,8677,1,0.0
308,308_P/features/308_BoVW_openFace_2.1.0_Pose_Gaze_AUs.csv,63,8677,8677,1,0.0
308,308_P/features/308_BoVW_openFace_2.1.0_Pose_Gaze_AUs.csv,64,8677,8677,1,0.0
308,308_P/features/308_BoVW_openFace_2.1.0_Pose_Gaze_AUs.csv,65,8677,8677,21,0.0
308,308_P/features/308_BoVW_openFace_2.1.0_Pose_Gaze_AUs.csv,66,8677,8677,1,0.0
308,308_P/features/308_BoVW_openFace_2.1.0_Pose_Gaze_AUs.csv,67,8677,8677,1,0.0
308,308_P/features/308_BoVW_openFace_2.1.0_Pose_Gaze_AUs.csv,68,8677,8677,1,0.0
308,308_P/features/308_BoVW_openFace_2.1.0_Pose_Gaze_AUs.csv,69,8677,8677,1,0.0
308,308_P/features/308_BoVW_openFace_2.1.0_Pose_Gaze_AUs.csv,70,8677,8677,1,0.0
308,308_P/features/308_BoVW_openFace_2.1.0_Pose_Gaze_AUs.csv,71,8677,8677,19,0.0
308,308_P/features/308_BoVW_openFace_2.1.0_Pose_Gaze_AUs.csv,72,8677,8677,1,0.0
308,308_P/features/308_BoVW_openFace_2.1.0_Pose_Gaze_AUs.csv,73,8677,8677,10,0.0
308,308_P/features/308_BoVW_openFace_2.1.0_Pose_Gaze_AUs.csv,74,8677,8677,3,0.0
308,308_P/features/308_BoVW_openFace_2.1.0_Pose_Gaze_AUs.csv,75,8677,8677,1,0.0
308,308_P/features/308_BoVW_openFace_2.1.0_Pose_Gaze_AUs.csv,76,8677,8677,1,0.0
308,308_P/features/308_BoVW_openFace_2.1.0_Pose_Gaze_AUs.csv,77,8677,8677,16,0.0
308,308_P/features/308_BoVW_openFace_2.1.0_Pose_Gaze_AUs.csv,78,8677,8677,1,0.0
308,308_P/features/308_BoVW_openFace_2.1.0_Pose_Gaze_AUs.csv,79,8677,8677,17,0.0
308,308_P/features/308_BoVW_openFace_2.1.0_Pose_Gaze_AUs.csv,80,8677,8677,1,0.0
308,308_P/features/308_BoVW_openFace_2.1.0_Pose_Gaze_AUs.csv,81,8677,8677,1,0.0
308,308_P/features/308_BoVW_openFace_2.1.0_Pose_Gaze_AUs.csv,82,8677,8677,1,0.0
308,308_P/features/308_BoVW_openFace_2.1.0_Pose_Gaze_AUs.csv,83,8677,8677,1,0.0
308,308_P/features/308_BoVW_openFace_2.1.0_Pose_Gaze_AUs.csv,84,8677,8677,1,0.0
308,308_P/features/308_BoVW_openFace_2.1.0_Pose_Gaze_AUs.csv,85,8677,8677,1,0.0
308,308_P/features/308_BoVW_openFace_2.1.0_Pose_Gaze_AUs.csv,86,8677,8677,1,0.0
308,308_P/features/308_BoVW_openFace_2.1.0_Pose_Gaze_AUs.csv,87,8677,8677,1,0.0
308,308_P/features/308_BoVW_openFace_2.1.0_Pose_Gaze_AUs.csv,88,8677,8677,1,0.0
308,308_P/features/308_BoVW_openFace_2.1.0_Pose_Gaze_AUs.csv,89,8677,8677,14,0.0
308,308_P/features/308_BoVW_openFace_2.1.0_Pose_Gaze_AUs.csv,90,8677,8677,1,0.0
308,308_P/features/308_BoVW_openFace_2.1.0_Pose_Gaze_AUs.csv,91,8677,8677,1,0.0
308,308_P/features/308_BoVW_openFace_2.1.0_Pose_Gaze_AUs.csv,92,8677,8677,1,0.0
308,308_P/features/308_BoVW_openFace_2.1.0_Pose_Gaze_AUs.csv,93,8677,8677,1,0.0
308,308_P/features/308_BoVW_openFace_2.1.0_Pose_Gaze_AUs.csv,94,8677,8677,1,0.0
308,308_P/features/308_BoVW_openFace_2.1.0_Pose_Gaze_AUs.csv,95,8677,8677,1,0.0
308,308_P/features/308_BoVW_openFace_2.1.0_Pose_Gaze_AUs.csv,96,8677,8677,1,0.0
308,308_P/features/308_BoVW_openFace_2.1.0_Pose_Gaze_AUs.csv,97,8677,8677,7,0.0
308,308_P/features/308_BoVW_openFace_2.1.0_Pose_Gaze_AUs.csv,98,8677,8677,7,0.0
308,308_P/features/308_BoVW_openFace_2.1.0_Pose_Gaze_AUs.csv,99,8677,8677,2,0.0
308,308_P/features/308_BoVW_openFace_2.1.0_Pose_Gaze_AUs.csv,100,8677,8677,1,0.0
308,308_P/features/308_BoVW_openFace_2.1.0_Pose_Gaze_AUs.csv,101,8677,8677,1,0.0
309,309_P/features/309_BoVW_openFace_2.1.0_Pose_Gaze_AUs.csv,0,7058,0,1,'309_OpenFace2.1.0_Pose_gaze_AUs.csv'
309,309_P/features/309_BoVW_openFace_2.1.0_Pose_Gaze_AUs.csv,1,7058,7058,7058,0.0
309,309_P/features/309_BoVW_openFace_2.1.0_Pose_Gaze_AUs.csv,2,7058,7058,2,0.0
309,309_P/features/309_BoVW_openFace_2.1.0_Pose_Gaze_AUs.csv,3,7058,7058,1,0.0
309,309_P/features/309_BoVW_openFace_2.1.0_Pose_Gaze_AUs.csv,4,7058,7058,1,0.0
309,309_P/features/309_BoVW_openFace_2.1.0_Pose_Gaze_AUs.csv,5,7058,7058,3,0.0
309,309_P/features/309_BoVW_openFace_2.1.0_Pose_Gaze_AUs.csv,6,7058,7058,1,0.0
309,309_P/features/309_BoVW_openFace_2.1.0_Pose_Gaze_AUs.csv,7,7058,7058,84,0.0
309,309_P/features/309_BoVW_openFace_2.1.0_Pose_Gaze_AUs.csv,8,7058,7058,28,0.0
309,309_P/features/309_BoVW_openFace_2.1.0_Pose_Gaze_AUs.csv,9,7058,7058,1,0.0
309,309_P/features/309_BoVW_openFace_2.1.0_Pose_Gaze_AUs.csv,10,7058,7058,1,0.0
309,309_P/features/309_BoVW_openFace_2.1.0_Pose_Gaze_AUs.csv,11,7058,7058,2,0.0
309,309_P/features/309_BoVW_openFace_2.1.0_Pose_Gaze_AUs.csv,12,7058,7058,1,0.0
309,309_P/features/309_BoVW_openFace_2.1.0_Pose_Gaze_AUs.csv,13,7058,7058,25,0.0
309,309_P/features/309_BoVW_openFace_2.1.0_Pose_Gaze_AUs.csv,14,7058,7058,1,0.0
309,309_P/features/309_BoVW_openFace_2.1.0_Pose_Gaze_AUs.csv,15,7058,7058,1,0.0
309,309_P/features/309_BoVW_openFace_2.1.0_Pose_Gaze_AUs.csv,16,7058,7058,1,0.0
309,309_P/features/309_BoVW_openFace_2.1.0_Pose_Gaze_AUs.csv,17,7058,7058,1,0.0
309,309_P/features/309_BoVW_openFace_2.1.0_Pose_Gaze_AUs.csv,18,7058,7058,123,0.0
309,309_P/features/309_BoVW_openFace_2.1.0_Pose_Gaze_AUs.csv,19,7058,7058,1,0.0
309,309_P/features/309_BoVW_openFace_2.1.0_Pose_Gaze_AUs.csv,20,7058,7058,1,0.0
309,309_P/features/309_BoVW_openFace_2.1.0_Pose_Gaze_AUs.csv,21,7058,7058,6,0.0
309,309_P/features/309_BoVW_openFace_2.1.0_Pose_Gaze_AUs.csv,22,7058,7058,7,0.0
309,309_P/features/309_BoVW_openFace_2.1.0_Pose_Gaze_AUs.csv,23,7058,7058,1,0.0
309,309_P/features/309_BoVW_openFace_2.1.0_Pose_Gaze_AUs.csv,24,7058,7058,1,0.0
309,309_P/features/309_BoVW_openFace_2.1.0_Pose_Gaze_AUs.csv,25,7058,7058,13,0.0
309,309_P/features/309_BoVW_openFace_2.1.0_Pose_Gaze_AUs.csv,26,7058,7058,4,0.0
309,309_P/features/309_BoVW_openFace_2.1.0_Pose_Gaze_AUs.csv,27,7058,7058,4,0.0
309,309_P/features/309_BoVW_openFace_2.1.0_Pose_Gaze_AUs.csv,28,7058,7058,1,0.0
309,309_P/features/309_BoVW_openFace_2.1.0_Pose_Gaze_AUs.csv,29,7058,7058,17,0.0
309,309_P/features/309_BoVW_openFace_2.1.0_Pose_Gaze_AUs.csv,30,7058,7058,34,0.0
309,309_P/features/309_BoVW_openFace_2.1.0_Pose_Gaze_AUs.csv,31,7058,7058,1,0.0
309,309_P/features/309_BoVW_openFace_2.1.0_Pose_Gaze_AUs.csv,32,7058,7058,1,0.0
309,309_P/features/309_BoVW_openFace_2.1.0_Pose_Gaze_AUs.csv,33,7058,7058,56,0.0
309,309_P/features/309_BoVW_openFace_2.1.0_Pose_Gaze_AUs.csv,34,7058,7058,3,0.0
309,309_P/features/309_BoVW_openFace_2.1.0_Pose_Gaze_AUs.csv,35,7058,7058,1,0.0
309,309_P/features/309_BoVW_openFace_2.1.0_Pose_Gaze_AUs.csv,36,7058,7058,1,0.0
309,309_P/features/309_BoVW_openFace_2.1.0_Pose_Gaze_AUs.csv,37,7058,7058,122,0.0
309,309_P/features/309_BoVW_openFace_2.1.0_Pose_Gaze_AUs.csv,38,7058,7058,1,0.0
309,309_P/features/309_BoVW_openFace_2.1.0_Pose_Gaze_AUs.csv,39,7058,7058,44,0.0
309,309_P/features/309_BoVW_openFace_2.1.0_Pose_Gaze_AUs.csv,40,7058,7058,1,0.0
309,309_P/features/309_BoVW_openFace_2.1.0_Pose_Gaze_AUs.csv,41,7058,7058,1,0.0
309,309_P/features/309_BoVW_openFace_2.1.0_Pose_Gaze_AUs.csv,42,7058,7058,6,0.0
309,309_P/features/309_BoVW_openFace_2.1.0_Pose_Gaze_AUs.csv,43,7058,7058,1,0.0
309,309_P/features/309_BoVW_openFace_2.1.0_Pose_Gaze_AUs.csv,44,7058,7058,37,1.7923917
309,309_P/features/309_BoVW_openFace_2.1.0_Pose_Gaze_AUs.csv,45,7058,7058,63,0.0
309,309_P/features/309_BoVW_openFace_2.1.0_Pose_Gaze_AUs.csv,46,7058,7058,14,0.0
309,309_P/features/309_BoVW_openFace_2.1.0_Pose_Gaze_AUs.csv,47,7058,7058,7,0.0
309,309_P/features/309_BoVW_openFace_2.1.0_Pose_Gaze_AUs.csv,48,7058,7058,1,0.0
309,309_P/features/309_BoVW_openFace_2.1.0_Pose_Gaze_AUs.csv,49,7058,7058,1,0.0
309,309_P/features/309_BoVW_openFace_2.1.0_Pose_Gaze_AUs.csv,50,7058,7058,1,0.0
309,309_P/features/309_BoVW_openFace_2.1.0_Pose_Gaze_AUs.csv,51,7058,7058,14,0.0
309,309_P/features/309_BoVW_openFace_2.1.0_Pose_Gaze_AUs.csv,52,7058,7058,1,0.0
309,309_P/features/309_BoVW_openFace_2.1.0_Pose_Gaze_AUs.csv,53,7058,7058,1,0.0
309,309_P/features/309_BoVW_openFace_2.1.0_Pose_Gaze_AUs.csv,54,7058,7058,1,0.0
309,309_P/features/309_BoVW_openFace_2.1.0_Pose_Gaze_AUs.csv,55,7058,7058,15,0.0
309,309_P/features/309_BoVW_openFace_2.1.0_Pose_Gaze_AUs.csv,56,7058,7058,31,0.0
309,309_P/features/309_BoVW_openFace_2.1.0_Pose_Gaze_AUs.csv,57,7058,7058,3,0.0
309,309_P/features/309_BoVW_openFace_2.1.0_Pose_Gaze_AUs.csv,58,7058,7058,14,0.0
309,309_P/features/309_BoVW_openFace_2.1.0_Pose_Gaze_AUs.csv,59,7058,7058,12,0.0
309,309_P/features/309_BoVW_openFace_2.1.0_Pose_Gaze_AUs.csv,60,7058,7058,14,0.0
309,309_P/features/309_BoVW_openFace_2.1.0_Pose_Gaze_AUs.csv,61,7058,7058,2,0.0
309,309_P/features/309_BoVW_openFace_2.1.0_Pose_Gaze_AUs.csv,62,7058,7058,1,0.0
309,309_P/features/309_BoVW_openFace_2.1.0_Pose_Gaze_AUs.csv,63,7058,7058,1,0.0
309,309_P/features/309_BoVW_openFace_2.1.0_Pose_Gaze_AUs.csv,64,7058,7058,54,0.0
309,309_P/features/309_BoVW_openFace_2.1.0_Pose_Gaze_AUs.csv,65,7058,7058,8,0.0
309,309_P/features/309_BoVW_openFace_2.1.0_Pose_Gaze_AUs.csv,66,7058,7058,1,0.0
309,309_P/features/309_BoVW_openFace_2.1.0_Pose_Gaze_AUs.csv,67,7058,7058,119,0.0
309,309_P/features/309_BoVW_openFace_2.1.0_Pose_Gaze_AUs.csv,68,7058,7058,4,0.0
309,309_P/features/309_BoVW_openFace_2.1.0_Pose_Gaze_AUs.csv,69,7058,7058,86,0.0
309,309_P/features/309_BoVW_openFace_2.1.0_Pose_Gaze_AUs.csv,70,7058,7058,8,0.0
309,309_P/features/309_BoVW_openFace_2.1.0_Pose_Gaze_AUs.csv,71,7058,7058,34,0.0
309,309_P/features/309_BoVW_openFace_2.1.0_Pose_Gaze_AUs.csv,72,7058,7058,4,0.0
309,309_P/features/309_BoVW_openFace_2.1.0_Pose_Gaze_AUs.csv,73,7058,7058,2,0.0
309,309_P/features/309_BoVW_openFace_2.1.0_Pose_Gaze_AUs.csv,74,7058,7058,1,0.0
309,309_P/features/309_BoVW_openFace_2.1.0_Pose_Gaze_AUs.csv,75,7058,7058,1,0.0
309,309_P/features/309_BoVW_openFace_2.1.0_Pose_Gaze_AUs.csv,76,7058,7058,122,0.0
309,309_P/features/309_BoVW_openFace_2.1.0_Pose_Gaze_AUs.csv,77,7058,7058,4,0.0
309,309_P/features/309_BoVW_openFace_2.1.0_Pose_Gaze_AUs.csv,78,7058,7058,7,0.0
309,309_P/features/309_BoVW_openFace_2.1.0_Pose_Gaze_AUs.csv,79,7058,7058,1,0.0
309,309_P/features/309_BoVW_openFace_2.1.0_Pose_Gaze_AUs.csv,80,7058,7058,1,0.0
309,309_P/features/309_BoVW_openFace_2.1.0_Pose_Gaze_AUs.csv,81,7058,7058,2,0.0
309,309_P/features/309_BoVW_openFace_2.1.0_Pose_Gaze_AUs.csv,82,7058,7058,1,0.0
309,309_P/features/309_BoVW_openFace_2.1.0_Pose_Gaze_AUs.csv,83,7058,7058,1,0.0
309,309_P/features/309_BoVW_openFace_2.1.0_Pose_Gaze_AUs.csv,84,7058,7058,2,0.0
309,309_P/features/309_BoVW_openFace_2.1.0_Pose_Gaze_AUs.csv,85,7058,7058,16,0.0
309,309_P/features/309_BoVW_openFace_2.1.0_Pose_Gaze_AUs.csv,86,7058,7058,1,0.0
309,309_P/features/309_BoVW_openFace_2.1.0_Pose_Gaze_AUs.csv,87,7058,7058,6,0.0
309,309_P/features/309_BoVW_openFace_2.1.0_Pose_Gaze_AUs.csv,88,7058,7058,1,0.0
309,309_P/features/309_BoVW_openFace_2.1.0_Pose_Gaze_AUs.csv,89,7058,7058,1,0.0
309,309_P/features/309_BoVW_openFace_2.1.0_Pose_Gaze_AUs.csv,90,7058,7058,1,0.0
309,309_P/features/309_BoVW_openFace_2.1.0_Pose_Gaze_AUs.csv,91,7058,7058,123,0.0
309,309_P/features/309_BoVW_openFace_2.1.0_Pose_Gaze_AUs.csv,92,7058,7058,1,0.0
309,309_P/features/309_BoVW_openFace_2.1.0_Pose_Gaze_AUs.csv,93,7058,7058,78,0.0
309,309_P/features/309_BoVW_openFace_2.1.0_Pose_Gaze_AUs.csv,94,7058,7058,1,0.0
309,309_P/features/309_BoVW_openFace_2.1.0_Pose_Gaze_AUs.csv,95,7058,7058,11,0.0
309,309_P/features/309_BoVW_openFace_2.1.0_Pose_Gaze_AUs.csv,96,7058,7058,9,0.0
309,309_P/features/309_BoVW_openFace_2.1.0_Pose_Gaze_AUs.csv,97,7058,7058,1,0.0
309,309_P/features/309_BoVW_openFace_2.1.0_Pose_Gaze_AUs.csv,98,7058,7058,41,0.0
309,309_P/features/309_BoVW_openFace_2.1.0_Pose_Gaze_AUs.csv,99,7058,7058,1,0.0
309,309_P/features/309_BoVW_openFace_2.1.0_Pose_Gaze_AUs.csv,100,7058,7058,1,0.0
309,309_P/features/309_BoVW_openFace_2.1.0_Pose_Gaze_AUs.csv,101,7058,7058,6,0.0
